Save last log when reboot
[    0.000000] Booting Linux on physical CPU 0x0
[    0.000000] Linux version 3.14.52+g94d07bb (sky@sky-vmware-1604) (gcc version 4.9.2 (GCC) ) #448 SMP PREEMPT Tue Feb 25 15:18:24 CST 2025
[    0.000000] CPU: ARMv7 Processor [410fc075] revision 5 (ARMv7), cr=10c53c7d
[    0.000000] CPU: PIPT / VIPT nonaliasing data cache, VIPT aliasing instruction cache
[    0.000000] Machine model: Freescale i.MX6 UltraLite 14x14 EVK Board
[    0.000000] Memory policy: Data cache writealloc
[    0.000000] On node 0 totalpages: 32768
[    0.000000] free_area_init_node: node 0, pgdat 805f0000, node_mem_map 87ef8000
[    0.000000]   Normal zone: 256 pages used for memmap
[    0.000000]   Normal zone: 0 pages reserved
[    0.000000]   Normal zone: 32768 pages, LIFO batch:7
[    0.000000] PERCPU: Embedded 8 pages/cpu @87ee2000 s8256 r8192 d16320 u32768
[    0.000000] pcpu-alloc: s8256 r8192 d16320 u32768 alloc=8*4096
[    0.000000] pcpu-alloc: [0] 0 
[    0.000000] Built 1 zonelists in Zone order, mobility grouping off.  Total pages: 32512
[    0.000000] Kernel command line: console=ttyLogFile0 root=/dev/mtdblock2 rootfstype=jffs2 mtdparts=21e0000.qspi:256k(uboot),3328K(kernel),12800K(rootfs) rootwait quiet rw
[    0.000000] PID hash table entries: 512 (order: -1, 2048 bytes)
[    0.000000] Dentry cache hash table entries: 16384 (order: 4, 65536 bytes)
[    0.000000] Inode-cache hash table entries: 8192 (order: 3, 32768 bytes)
[    0.000000] Memory: 123256K/131072K available (4260K kernel code, 194K rwdata, 1384K rodata, 204K init, 478K bss, 7816K reserved)
[    0.000000] Virtual kernel memory layout:
[    0.000000]     vector  : 0xffff0000 - 0xffff1000   (   4 kB)
[    0.000000]     fixmap  : 0xfff00000 - 0xfffe0000   ( 896 kB)
[    0.000000]     vmalloc : 0x88800000 - 0xff000000   (1896 MB)
[    0.000000]     lowmem  : 0x80000000 - 0x88000000   ( 128 MB)
[    0.000000]     modules : 0x7f000000 - 0x80000000   (  16 MB)
[    0.000000]       .text : 0x80008000 - 0x8058b328   (5645 kB)
[    0.000000]       .init : 0x8058c000 - 0x805bf040   ( 205 kB)
[    0.000000]       .data : 0x805c0000 - 0x805f0b60   ( 195 kB)
[    0.000000]        .bss : 0x805f0b6c - 0x806684c8   ( 479 kB)
[    0.000000] SLUB: HWalign=64, Order=0-3, MinObjects=0, CPUs=1, Nodes=1
[    0.000000] Preemptible hierarchical RCU implementation.
[    0.000000] 	RCU restricting CPUs from NR_CPUS=4 to nr_cpu_ids=1.
[    0.000000] RCU: Adjusting geometry for rcu_fanout_leaf=16, nr_cpu_ids=1
[    0.000000] NR_IRQS:16 nr_irqs:16 16
[    0.000000] Switching to timer-based delay loop
[    0.000022] sched_clock: 32 bits at 3000kHz, resolution 333ns, wraps every 1431655765682ns
[    0.001581] clocksource_of_init: no matching clocksources found
[    0.001860] log file data init success
[    0.001972] console [ttyLogFile0] enabled
[    0.001985] tty-log-file: registered console driver for tty log file 0
[    0.002183] Console: colour dummy device 80x30
[    0.002219] Calibrating delay loop (skipped), value calculated using timer frequency.. 6.00 BogoMIPS (lpj=30000)
[    0.002249] pid_max: default: 32768 minimum: 301
[    0.002630] Mount-cache hash table entries: 1024 (order: 0, 4096 bytes)
[    0.002651] Mountpoint-cache hash table entries: 1024 (order: 0, 4096 bytes)
[    0.004303] CPU: Testing write buffer coherency: ok
[    0.004833] CPU0: update cpu_power 1024
[    0.004858] CPU0: thread -1, cpu 0, socket 0, mpidr 80000000
[    0.004912] Setting up static identity map for 0x8040afe0 - 0x8040b038
[    0.040850] Brought up 1 CPUs
[    0.040875] SMP: Total of 1 processors activated (6.00 BogoMIPS).
[    0.040887] CPU: All CPU(s) started in SVC mode.
[    0.042264] devtmpfs: initialized
[    0.053801] VFP support v0.3: implementor 41 architecture 2 part 30 variant 7 rev 5
[    0.054577] pinctrl core: initialized pinctrl subsystem
[    0.055437] regulator-dummy: no parameters
[    0.056055] NET: Registered protocol family 16
[    0.056737] DMA: preallocated 256 KiB pool for atomic coherent allocations
[    0.058083] cpuidle: using governor ladder
[    0.058103] cpuidle: using governor menu
[    0.058359] Use WDOG1 as reset source
[    0.078437] syscon 20c8000.anatop: regmap [mem 0x020c8000-0x020c8fff] registered
[    0.079184] vdd3p0: 2625 <--> 3400 mV at 3000 mV 
[    0.080110] cpu: 725 <--> 1450 mV at 1150 mV 
[    0.081185] vddsoc: 725 <--> 1450 mV at 1175 mV 
[    0.086602] syscon 20e4000.iomuxc-gpr: regmap [mem 0x020e4000-0x020e7fff] registered
[    0.093401] syscon 21ac000.romcp: regmap [mem 0x021ac000-0x021affff] registered
[    0.095283] syscon 21bc000.ocotp-ctrl: regmap [mem 0x021bc000-0x021bffff] registered
[    0.102586] hw-breakpoint: found 5 (+1 reserved) breakpoint and 4 watchpoint registers.
[    0.102610] hw-breakpoint: maximum watchpoint size is 8 bytes.
[    0.103744] imx6ul-pinctrl 20e0000.iomuxc: initialized IMX pinctrl driver
[    0.105785] 20dc000.gpc supply pu not found, using dummy regulator
[    0.121048] bio: create slab <bio-0> at 0
[    0.128158] mxs-dma 1804000.dma-apbh: initialized
[    0.129179] can-3v3: 3300 mV 
[    0.129907] wlreg_on: 3300 mV 
[    0.130833] 2020000.serial: ttymxc0 at MMIO 0x2020000 (irq = 58, base_baud = 5000000) is a IMX
[    0.132802] 21e8000.serial: ttymxc1 at MMIO 0x21e8000 (irq = 59, base_baud = 5000000) is a IMX
[    0.134091] 21ec000.serial: ttymxc2 at MMIO 0x21ec000 (irq = 60, base_baud = 5000000) is a IMX
[    0.135815] SCSI subsystem initialized
[    0.136310] libata version 3.00 loaded.
[    0.136721] usbcore: registered new interface driver usbfs
[    0.136891] usbcore: registered new interface driver hub
[    0.137204] usbcore: registered new device driver usb
[    0.141841] i2c i2c-0: IMX I2C adapter registered
[    0.142604] i2c i2c-1: IMX I2C adapter registered
[    0.143551] Advanced Linux Sound Architecture Driver Initialized.
[    0.145679] Bluetooth: Core ver 2.18
[    0.145795] NET: Registered protocol family 31
[    0.145809] Bluetooth: HCI device and connection manager initialized
[    0.145844] Bluetooth: HCI socket layer initialized
[    0.145871] Bluetooth: L2CAP socket layer initialized
[    0.145980] Bluetooth: SCO socket layer initialized
[    0.146910] cfg80211: Calling CRDA to update world regulatory domain
[    0.146993] cfg80211: World regulatory domain updated:
[    0.147006] cfg80211:  DFS Master region: unset
[    0.147019] cfg80211:   (start_freq - end_freq @ bandwidth), (max_antenna_gain, max_eirp)
[    0.147037] cfg80211:   (2402000 KHz - 2472000 KHz @ 40000 KHz), (N/A, 2000 mBm)
[    0.147053] cfg80211:   (2457000 KHz - 2482000 KHz @ 20000 KHz), (N/A, 2000 mBm)
[    0.147070] cfg80211:   (2474000 KHz - 2494000 KHz @ 20000 KHz), (N/A, 2000 mBm)
[    0.147086] cfg80211:   (5170000 KHz - 5250000 KHz @ 80000 KHz), (N/A, 2000 mBm)
[    0.147102] cfg80211:   (5250000 KHz - 5330000 KHz @ 80000 KHz), (N/A, 2000 mBm)
[    0.147119] cfg80211:   (5490000 KHz - 5730000 KHz @ 160000 KHz), (N/A, 2000 mBm)
[    0.147135] cfg80211:   (5735000 KHz - 5835000 KHz @ 80000 KHz), (N/A, 2000 mBm)
[    0.147152] cfg80211:   (57240000 KHz - 63720000 KHz @ 2160000 KHz), (N/A, 0 mBm)
[    0.147821] Switched to clocksource mxc_timer1
[    0.174095] NET: Registered protocol family 2
[    0.176122] TCP established hash table entries: 1024 (order: 0, 4096 bytes)
[    0.176181] TCP bind hash table entries: 1024 (order: 1, 8192 bytes)
[    0.176231] TCP: Hash tables configured (established 1024 bind 1024)
[    0.176339] TCP: reno registered
[    0.176366] UDP hash table entries: 256 (order: 1, 8192 bytes)
[    0.176420] UDP-Lite hash table entries: 256 (order: 1, 8192 bytes)
[    0.177021] NET: Registered protocol family 1
[    0.179825] ldo2p5-dummy: no parameters
[    0.182113] Bus freq driver module loaded
[    0.184079] futex hash table entries: 256 (order: 2, 16384 bytes)
[    0.201057] jffs2: version 2.2. (NAND) © 2001-2006 Red Hat, Inc.
[    0.202881] fuse init (API version 7.22)
[    0.204051] msgmni has been set to 240
[    0.206000] io scheduler noop registered
[    0.206022] io scheduler deadline registered
[    0.206106] io scheduler cfq registered (default)
[    0.207270] imx-weim 21b8000.weim: Driver registered.
[    0.208993] imx-sdma 20ec000.sdma: no event needs to be remapped
[    0.209204] imx-sdma 20ec000.sdma: loaded firmware 3.2
[    0.218202] imx-sdma 20ec000.sdma: initialized
[    0.220146] serial: Freescale lpuart driver
[    0.245990] brd: module loaded
[    0.258213] loop: module loaded
[    0.264384] fsl-quadspi 21e0000.qspi: mx25l12805d (16384 Kbytes)
[    0.264439] 3 cmdlinepart partitions found on MTD device 21e0000.qspi
[    0.264456] Creating 3 MTD partitions on "21e0000.qspi":
[    0.264510] 0x000000000000-0x000000040000 : "uboot"
[    0.267485] 0x000000040000-0x000000380000 : "kernel"
[    0.270518] 0x000000380000-0x000001000000 : "rootfs"
[    0.273218] fsl-quadspi 21e0000.qspi: QuadSPI SPI NOR flash driver
[    0.274171] spi_gpio spi4.17: gpio-miso property not found, switching to no-rx mode
[    0.277215] usbcore: registered new interface driver cdc_ether
[    0.277350] usbcore: registered new interface driver cdc_subset
[    0.277469] usbcore: registered new interface driver zaurus
[    0.277539] ehci_hcd: USB 2.0 'Enhanced' Host Controller (EHCI) Driver
[    0.277554] ehci-mxc: Freescale On-Chip EHCI Host driver
[    0.278106] usbcore: registered new interface driver usb-storage
[    0.282318] setup_reset_gpios:-2, flags 0
[    0.282549] 2184000.usb supply vbus not found, using dummy regulator
[    0.283720] mxs_phy 20c9000.usbphy: config usb vbus valid thresh to: 0, vbus_value: 00100000
[    0.287404] ci_hdrc ci_hdrc.0: Init set fsm->a_vbus_vld = 1
[    0.288394] setup_reset_gpios:-2, flags 0
[    0.288640] 2184200.usb supply vbus not found, using dummy regulator
[    0.289824] mxs_phy 20ca000.usbphy: config usb vbus valid thresh to: 0, vbus_value: 00100000
[    0.290789] [otg_statemachine]  fsm->id = 0
[    0.290806] [otg_set_state]  Set state: a_idle
[    0.290825] [otg_set_protocol]  Changing role fsm->protocol= 0; new protocol= 1
[    0.290864] ci_hdrc ci_hdrc.0: EHCI Host Controller
[    0.295724] snvs_pwrkey 20cc000.snvs-pwrkey: can't get snvs clock
[    0.296496] input: 20cc000.snvs-pwrkey as /devices/soc0/soc.1/2000000.aips-bus/20cc000.snvs-pwrkey/input/input0
[    0.296677] snvs_pwrkey 20cc000.snvs-pwrkey: i.MX snvs powerkey probed
[    0.297365] snvs_rtc 20cc034.snvs-rtc-lp: can't get snvs-rtc clock
[    0.297673] check_alarm_past: alarm in the past
[    0.298635] snvs_rtc 20cc034.snvs-rtc-lp: rtc core: registered 20cc034.snvs-rtc-lp as rtc0
[    0.298972] i2c /dev entries driver
[    0.300863] imx2-wdt 20bc000.wdog: IMX2+ Watchdog Timer enabled. timeout=60s (nowayout=0)
[    0.301893] sdhci: Secure Digital Host Controller Interface driver
[    0.301907] sdhci: Copyright(c) Pierre Ossman
[    0.301918] sdhci-pltfm: SDHCI platform and OF driver helper
[    0.303849] sdhci-esdhc-imx 2190000.usdhc: assigned as wifi host
[    0.305089] mmc0: no vqmmc regulator found
[    0.308012] ci_hdrc ci_hdrc.0: USB 2.0 started, EHCI 1.00
[    0.308734] usb usb1: is_b_host:0, config:842e5800, parent:  (null), root_hub=842bf800
[    0.308769] usb usb1: New USB device found, idVendor=1d6b, idProduct=0002
[    0.308793] usb usb1: New USB device strings: Mfr=3, Product=2, SerialNumber=1
[    0.308816] usb usb1: Product: EHCI Host Controller
[    0.308838] usb usb1: Manufacturer: Linux 3.14.52+g94d07bb ehci_hcd
[    0.308860] usb usb1: SerialNumber: ci_hdrc.0
[    0.310657] hub 1-0:1.0: USB hub found
[    0.310771] hub 1-0:1.0: 1 port detected
[    0.311683] [otg_statemachine]  quit statemachine, changed = 1
[    0.311778] [otg_set_state]  Set state: a_wait_vrise
[    0.311817] [otg_statemachine]  quit statemachine, changed = 1
[    0.347901] mmc0: SDHCI controller on 2190000.usdhc [2190000.usdhc] using ADMA
[    0.352311] mmc1: no vqmmc regulator found
[    0.352338] mmc1: no vmmc regulator found
[    0.359783] sdhci-esdhc-imx 2190000.usdhc: card claims to support voltages below defined range 90ffffff
[    0.379974] mmc0: new high speed SDIO card at address 0001
[    0.397937] mmc1: SDHCI controller on 2194000.usdhc [2194000.usdhc] using ADMA
[    0.407623] fsl-asrc 2034000.asrc: driver registered
[    0.413928] [otg_set_state]  Set state: a_wait_bcon
[    0.413962] [otg_statemachine]  quit statemachine, changed = 1
[    0.420871] TCP: cubic registered
[    0.422407] NET: Registered protocol family 10
[    0.432401] sit: IPv6 over IPv4 tunneling driver
[    0.448308] NET: Registered protocol family 17
[    0.452734] Bluetooth: RFCOMM TTY layer initialized
[    0.452781] Bluetooth: RFCOMM socket layer initialized
[    0.452837] Bluetooth: RFCOMM ver 1.11
[    0.452900] lib80211: common routines for IEEE802.11 drivers
[    0.452913] lib80211_crypt: registered algorithm 'NULL'
[    0.452927] lib80211_crypt: registered algorithm 'WEP'
[    0.452939] lib80211_crypt: registered algorithm 'CCMP'
[    0.452952] lib80211_crypt: registered algorithm 'TKIP'
[    0.453637] check cpu speed flag: 03
[    0.469570] can-3v3: disabling
[    0.469594] regulator-dummy: disabling
[    0.470368] driver->driver.name = android_usb ret=0
[    0.470392] counting ret = 0 : 2184000.usb
[    0.470654] file system registered
[    0.471508] android_usb gadget: android_usb ready
[    0.471652] snvs_rtc 20cc034.snvs-rtc-lp: setting system clock to 1970-01-01 00:02:13 UTC (133)
[    0.506312] ALSA device list:
[    0.509490]   No soundcards found.
[    1.148778] VFS: Mounted root (jffs2 filesystem) on device 31:2.
[    1.164208] devtmpfs: mounted
[    1.164670] Freeing unused kernel memory: 204K (8058c000 - 805bf000)
[    2.018941] random: nonblocking pool is initialized
[    4.104908] Bluetooth: HCI UART driver ver 2.2.74e8f89.20210706-141240
[    4.104933] Bluetooth: HCI H4 protocol initialized
[    4.104943] Bluetooth: HCI Realtek H5 protocol initialized
[    4.104953] rtk_btcoex: rtk_btcoex_init: version: 1.2
[    4.104962] rtk_btcoex: create workqueue
[    4.113685] rtk_btcoex: alloc buffers 1408, 2240 for ev and l2
[    5.711562] driver->driver.name = android_usb_accessory ret=1
[    5.711586] counting ret = 1 : 2184000.usb
[    5.711595] counting ret = 0 : 2184200.usb
[    5.750401] Number of LUNs=8
[    5.750431] Mass Storage Function, version: 2009/09/11
[    5.750445] LUN: removable file: (no medium)
[    5.750477] Number of LUNs=1
[    5.750624] LUN: removable file: (no medium)
[    5.750635] Number of LUNs=1
[    5.785572] android_usb_accessory gadget: android_usb_accessory ready
[    5.785789] [otg_statemachine]  fsm->id = 1
[    5.785804] [otg_set_state]  Set state: b_idle
[    5.785829] [otg_statemachine]  quit statemachine, changed = 1
[    5.785949] [otg_set_state]  Set state: b_peripheral
[    5.785969] [otg_set_protocol]  Changing role fsm->protocol= 0; new protocol= 2
[    5.786004] SDIS = 0
[    5.786012] SLOM = 1<6>[    5.786039] [otg_statemachine]  quit statemachine, changed = 1
[    5.792161] android_enable_function: accessory
[    5.810117] [otg_statemachine]  OTG_STATE_B_PERIPHERAL:, 0 0 1
[    5.810139] [otg_statemachine]  quit statemachine, changed = 0
[    5.967534] acc_ctrlrequest 80.06 v0100 i0000 l64
[    5.967562] android_usb_accessory gadget: unknown class-specific control req 80.06 v0100 i0000 l64
[    5.971037] android_work: sent uevent USB_STATE=CONNECTED
[    5.980496] android_work: sent uevent USB_STATE=DISCONNECTED
[    6.044548] acc_ctrlrequest 80.06 v0100 i0000 l18
[    6.044577] android_usb_accessory gadget: unknown class-specific control req 80.06 v0100 i0000 l18
[    6.044796] acc_ctrlrequest 80.06 v0f00 i0000 l5
[    6.044813] android_usb_accessory gadget: unknown class-specific control req 80.06 v0f00 i0000 l5
[    6.044828] android_usb_accessory gadget: USB_DT_BOS response value: 5
[    6.044960] acc_ctrlrequest 80.06 v0f00 i0000 l22
[    6.044977] android_usb_accessory gadget: unknown class-specific control req 80.06 v0f00 i0000 l22
[    6.044990] android_usb_accessory gadget: USB_DT_BOS response value: 22
[    6.045126] acc_ctrlrequest 80.06 v0200 i0000 l9
[    6.045144] android_usb_accessory gadget: unknown class-specific control req 80.06 v0200 i0000 l9
[    6.045306] acc_ctrlrequest 80.06 v0200 i0000 l32
[    6.045323] android_usb_accessory gadget: unknown class-specific control req 80.06 v0200 i0000 l32
[    6.045469] acc_ctrlrequest 80.06 v0300 i0000 l255
[    6.045486] android_usb_accessory gadget: unknown class-specific control req 80.06 v0300 i0000 l255
[    6.045633] acc_ctrlrequest 80.06 v0304 i0409 l255
[    6.045651] android_usb_accessory gadget: unknown class-specific control req 80.06 v0304 i0409 l255
[    6.045784] acc_ctrlrequest 80.06 v0303 i0409 l255
[    6.045802] android_usb_accessory gadget: unknown class-specific control req 80.06 v0303 i0409 l255
[    6.045946] acc_ctrlrequest 80.06 v0305 i0409 l255
[    6.045963] android_usb_accessory gadget: unknown class-specific control req 80.06 v0305 i0409 l255
[    6.046933] android_work: sent uevent USB_STATE=CONNECTED
[    6.048347] acc_ctrlrequest 00.09 v0001 i0000 l0
[    6.048374] android_usb_accessory gadget: unknown class-specific control req 00.09 v0001 i0000 l0
[    6.048391] android_usb_accessory gadget: high-speed config #1: android_accessory
[    6.049070] acc_ctrlrequest 80.06 v0306 i0409 l255
[    6.049096] android_usb_accessory gadget: unknown class-specific control req 80.06 v0306 i0409 l255
[    6.049329] acc_ctrlrequest 80.06 v0307 i0409 l255
[    6.049349] android_usb_accessory gadget: unknown class-specific control req 80.06 v0307 i0409 l255
[    6.050797] acc_ctrlrequest 80.06 v0300 i0000 l254
[    6.050826] android_usb_accessory gadget: unknown class-specific control req 80.06 v0300 i0000 l254
[    6.051075] acc_ctrlrequest 80.06 v0303 i0409 l255
[    6.051096] android_usb_accessory gadget: unknown class-specific control req 80.06 v0303 i0409 l255
[    6.051463] acc_ctrlrequest 80.06 v0300 i0000 l254
[    6.051484] android_usb_accessory gadget: unknown class-specific control req 80.06 v0300 i0000 l254
[    6.051681] acc_ctrlrequest 80.06 v0304 i0409 l255
[    6.051702] android_usb_accessory gadget: unknown class-specific control req 80.06 v0304 i0409 l255
[    6.052369] acc_ctrlrequest 80.06 v0300 i0000 l254
[    6.052395] android_usb_accessory gadget: unknown class-specific control req 80.06 v0300 i0000 l254
[    6.052598] acc_ctrlrequest 80.06 v0305 i0409 l255
[    6.052618] android_usb_accessory gadget: unknown class-specific control req 80.06 v0305 i0409 l255
[    6.054011] acc_ctrlrequest 80.06 v0300 i0000 l254
[    6.054040] android_usb_accessory gadget: unknown class-specific control req 80.06 v0300 i0000 l254
[    6.054286] acc_ctrlrequest 80.06 v0303 i0409 l255
[    6.054305] android_usb_accessory gadget: unknown class-specific control req 80.06 v0303 i0409 l255
[    6.054843] acc_ctrlrequest 80.06 v0300 i0000 l254
[    6.054866] android_usb_accessory gadget: unknown class-specific control req 80.06 v0300 i0000 l254
[    6.055042] acc_ctrlrequest 80.06 v0304 i0409 l255
[    6.055057] android_usb_accessory gadget: unknown class-specific control req 80.06 v0304 i0409 l255
[    6.055541] acc_ctrlrequest 80.06 v0300 i0000 l254
[    6.055562] android_usb_accessory gadget: unknown class-specific control req 80.06 v0300 i0000 l254
[    6.055785] acc_ctrlrequest 80.06 v0305 i0409 l255
[    6.055804] android_usb_accessory gadget: unknown class-specific control req 80.06 v0305 i0409 l255
[    6.056167] acc_ctrlrequest 80.06 v0300 i0000 l254
[    6.056188] android_usb_accessory gadget: unknown class-specific control req 80.06 v0300 i0000 l254
[    6.056441] acc_ctrlrequest 80.06 v0306 i0409 l255
[    6.056461] android_usb_accessory gadget: unknown class-specific control req 80.06 v0306 i0409 l255
[    6.056773] acc_ctrlrequest 80.06 v0300 i0000 l254
[    6.056793] android_usb_accessory gadget: unknown class-specific control req 80.06 v0300 i0000 l254
[    6.056955] acc_ctrlrequest 80.06 v0307 i0409 l255
[    6.056973] android_usb_accessory gadget: unknown class-specific control req 80.06 v0307 i0409 l255
[    6.060613] android_work: sent uevent USB_STATE=CONFIGURED
[    6.075806] acc_ctrlrequest 80.06 v0300 i0000 l254
[    6.075834] android_usb_accessory gadget: unknown class-specific control req 80.06 v0300 i0000 l254
[    6.076026] acc_ctrlrequest 80.06 v0305 i0409 l255
[    6.076043] android_usb_accessory gadget: unknown class-specific control req 80.06 v0305 i0409 l255
[    6.076652] acc_ctrlrequest c0.33 v0000 i0000 l2
[    6.076669] android_usb_accessory gadget: unknown class-specific control req c0.33 v0000 i0000 l2
[    6.076683] acc_ctrlrequest c0.33 v0000 i0000 l2
[    6.076698] android_usb_accessory gadget: unknown class-specific control req c0.33 v0000 i0000 l2
[    6.077856] acc_ctrlrequest 80.06 v0300 i0000 l254
[    6.077874] android_usb_accessory gadget: unknown class-specific control req 80.06 v0300 i0000 l254
[    6.078040] acc_ctrlrequest 80.06 v0305 i0409 l255
[    6.078059] android_usb_accessory gadget: unknown class-specific control req 80.06 v0305 i0409 l255
[    6.078384] acc_ctrlrequest c0.33 v0000 i0000 l2
[    6.078404] android_usb_accessory gadget: unknown class-specific control req c0.33 v0000 i0000 l2
[    6.078419] acc_ctrlrequest c0.33 v0000 i0000 l2
[    6.078434] android_usb_accessory gadget: unknown class-specific control req c0.33 v0000 i0000 l2
[    6.236966] Bluetooth: h5_open
[    6.236992] Bluetooth: hci_uart_register_dev
[    6.257909] rtk_btcoex: Open BTCOEX
[    6.268848] rtk_btcoex: BTCOEX hci_rev 0x05a8
[    6.268868] rtk_btcoex: BTCOEX lmp_subver 0xcbcd
[    6.325150] start_addr=(0x20000), end_addr=(0x40000), buffer_size=(0x20000), smp_number_max=(16384)
[    6.366732] IPv6: ADDRCONF(NETDEV_UP): wlan0: link is not ready
[    7.088988] rtk_btcoex: BTCOEX hci_rev 0x05a8
[    7.089008] rtk_btcoex: BTCOEX lmp_subver 0xcbcd
[    7.265484] IPv6: ADDRCONF(NETDEV_CHANGE): wlan0: link becomes ready
[    7.815415] android_usb: already disabled
[    7.816775] android_enable_function: iap2
[    7.816797] android_enable_function: ncmandroid_usb gadget: _iap2_bind_config
[    7.816995] ncm_function_bind_config MAC: 00:00:00:00:00:00
[    7.858666] ncm0: MAC c2:8e:30:52:e9:a3
[    7.858691] ncm0: HOST MAC 26:98:d9:34:fd:a1
[    7.982322] ncm0: eth_open
[    7.982359] ncm0: eth_start
[   10.093891] acc_ctrlrequest 00.09 v0001 i0000 l0
[   10.093919] android_usb_accessory gadget: unknown class-specific control req 00.09 v0001 i0000 l0
[   10.093935] android_usb_accessory gadget: acc_function_disable
[   10.094002] android_usb_accessory gadget: high-speed config #1: android_accessory
[   10.094693] android_work: sent uevent USB_STATE=CONFIGURED
[   10.107052] android_usb_accessory gadget: acc_function_disable
[   10.107205] android_usb_accessory gadget: _acc_poll POLLHUP!
[   10.110464] android_work: sent uevent USB_STATE=DISCONNECTED
[   10.278861] android_usb: already disabled
[   11.293640] android_usb: already disabled
[   13.324645] android_enable_function: accessory
[   13.359047] [otg_statemachine]  OTG_STATE_B_PERIPHERAL:, 0 0 1
[   13.359072] [otg_statemachine]  quit statemachine, changed = 0
[   13.457012] android_work: did not send uevent (0 0   (null))
[   13.519488] acc_ctrlrequest 80.06 v0100 i0000 l64
[   13.519509] android_usb_accessory gadget: unknown class-specific control req 80.06 v0100 i0000 l64
[   13.520142] android_work: sent uevent USB_STATE=CONNECTED
[   13.528204] android_work: sent uevent USB_STATE=DISCONNECTED
[   13.595335] acc_ctrlrequest 80.06 v0100 i0000 l18
[   13.595363] android_usb_accessory gadget: unknown class-specific control req 80.06 v0100 i0000 l18
[   13.595498] acc_ctrlrequest 80.06 v0f00 i0000 l5
[   13.595516] android_usb_accessory gadget: unknown class-specific control req 80.06 v0f00 i0000 l5
[   13.595528] android_usb_accessory gadget: USB_DT_BOS response value: 5
[   13.595625] acc_ctrlrequest 80.06 v0f00 i0000 l22
[   13.595643] android_usb_accessory gadget: unknown class-specific control req 80.06 v0f00 i0000 l22
[   13.595656] android_usb_accessory gadget: USB_DT_BOS response value: 22
[   13.595761] acc_ctrlrequest 80.06 v0200 i0000 l9
[   13.595779] android_usb_accessory gadget: unknown class-specific control req 80.06 v0200 i0000 l9
[   13.595898] acc_ctrlrequest 80.06 v0200 i0000 l32
[   13.595914] android_usb_accessory gadget: unknown class-specific control req 80.06 v0200 i0000 l32
[   13.596193] acc_ctrlrequest 80.06 v0300 i0000 l255
[   13.596214] android_usb_accessory gadget: unknown class-specific control req 80.06 v0300 i0000 l255
[   13.596346] acc_ctrlrequest 80.06 v0304 i0409 l255
[   13.596365] android_usb_accessory gadget: unknown class-specific control req 80.06 v0304 i0409 l255
[   13.596560] acc_ctrlrequest 80.06 v0303 i0409 l255
[   13.596580] android_usb_accessory gadget: unknown class-specific control req 80.06 v0303 i0409 l255
[   13.596624] android_work: sent uevent USB_STATE=CONNECTED
[   13.596695] acc_ctrlrequest 80.06 v0305 i0409 l255
[   13.596709] android_usb_accessory gadget: unknown class-specific control req 80.06 v0305 i0409 l255
[   13.598625] acc_ctrlrequest 00.09 v0001 i0000 l0
[   13.598654] android_usb_accessory gadget: unknown class-specific control req 00.09 v0001 i0000 l0
[   13.598672] android_usb_accessory gadget: high-speed config #1: android_accessory
[   13.598799] acc_ctrlrequest 80.06 v0306 i0409 l255
[   13.598816] android_usb_accessory gadget: unknown class-specific control req 80.06 v0306 i0409 l255
[   13.598969] acc_ctrlrequest 80.06 v0307 i0409 l255
[   13.598986] android_usb_accessory gadget: unknown class-specific control req 80.06 v0307 i0409 l255
[   13.601754] acc_ctrlrequest 80.06 v0300 i0000 l254
[   13.601784] android_usb_accessory gadget: unknown class-specific control req 80.06 v0300 i0000 l254
[   13.601965] acc_ctrlrequest 80.06 v0303 i0409 l255
[   13.601984] android_usb_accessory gadget: unknown class-specific control req 80.06 v0303 i0409 l255
[   13.602308] acc_ctrlrequest 80.06 v0300 i0000 l254
[   13.602331] android_usb_accessory gadget: unknown class-specific control req 80.06 v0300 i0000 l254
[   13.602483] acc_ctrlrequest 80.06 v0304 i0409 l255
[   13.602501] android_usb_accessory gadget: unknown class-specific control req 80.06 v0304 i0409 l255
[   13.602789] acc_ctrlrequest 80.06 v0300 i0000 l254
[   13.602810] android_usb_accessory gadget: unknown class-specific control req 80.06 v0300 i0000 l254
[   13.602987] acc_ctrlrequest 80.06 v0305 i0409 l255
[   13.603005] android_usb_accessory gadget: unknown class-specific control req 80.06 v0305 i0409 l255
[   13.603574] acc_ctrlrequest 80.06 v0300 i0000 l254
[   13.603598] android_usb_accessory gadget: unknown class-specific control req 80.06 v0300 i0000 l254
[   13.603812] acc_ctrlrequest 80.06 v0303 i0409 l255
[   13.603832] android_usb_accessory gadget: unknown class-specific control req 80.06 v0303 i0409 l255
[   13.604088] acc_ctrlrequest 80.06 v0300 i0000 l254
[   13.604111] android_usb_accessory gadget: unknown class-specific control req 80.06 v0300 i0000 l254
[   13.604302] acc_ctrlrequest 80.06 v0304 i0409 l255
[   13.604321] android_usb_accessory gadget: unknown class-specific control req 80.06 v0304 i0409 l255
[   13.604748] acc_ctrlrequest 80.06 v0300 i0000 l254
[   13.604770] android_usb_accessory gadget: unknown class-specific control req 80.06 v0300 i0000 l254
[   13.604929] acc_ctrlrequest 80.06 v0305 i0409 l255
[   13.604948] android_usb_accessory gadget: unknown class-specific control req 80.06 v0305 i0409 l255
[   13.605217] acc_ctrlrequest 80.06 v0300 i0000 l254
[   13.605236] android_usb_accessory gadget: unknown class-specific control req 80.06 v0300 i0000 l254
[   13.605373] acc_ctrlrequest 80.06 v0306 i0409 l255
[   13.605392] android_usb_accessory gadget: unknown class-specific control req 80.06 v0306 i0409 l255
[   13.605599] acc_ctrlrequest 80.06 v0300 i0000 l254
[   13.605618] android_usb_accessory gadget: unknown class-specific control req 80.06 v0300 i0000 l254
[   13.605767] acc_ctrlrequest 80.06 v0307 i0409 l255
[   13.605786] android_usb_accessory gadget: unknown class-specific control req 80.06 v0307 i0409 l255
[   13.608243] android_work: sent uevent USB_STATE=CONFIGURED
[   13.627024] acc_ctrlrequest 80.06 v0300 i0000 l254
[   13.627055] android_usb_accessory gadget: unknown class-specific control req 80.06 v0300 i0000 l254
[   13.628104] acc_ctrlrequest 80.06 v0305 i0409 l255
[   13.628126] android_usb_accessory gadget: unknown class-specific control req 80.06 v0305 i0409 l255
[   13.630046] acc_ctrlrequest c0.33 v0000 i0000 l2
[   13.630061] android_usb_accessory gadget: unknown class-specific control req c0.33 v0000 i0000 l2
[   13.630076] acc_ctrlrequest c0.33 v0000 i0000 l2
[   13.630089] android_usb_accessory gadget: unknown class-specific control req c0.33 v0000 i0000 l2
[   13.631588] acc_ctrlrequest 80.06 v0300 i0000 l254
[   13.631604] android_usb_accessory gadget: unknown class-specific control req 80.06 v0300 i0000 l254
[   13.631759] acc_ctrlrequest 80.06 v0305 i0409 l255
[   13.631775] android_usb_accessory gadget: unknown class-specific control req 80.06 v0305 i0409 l255
[   13.632011] acc_ctrlrequest c0.33 v0000 i0000 l2
[   13.632028] android_usb_accessory gadget: unknown class-specific control req c0.33 v0000 i0000 l2
[   13.632042] acc_ctrlrequest c0.33 v0000 i0000 l2
[   13.632056] android_usb_accessory gadget: unknown class-specific control req c0.33 v0000 i0000 l2
[   16.542137] acc_ctrlrequest 00.09 v0001 i0000 l0
[   16.542180] android_usb_accessory gadget: unknown class-specific control req 00.09 v0001 i0000 l0
[   16.542196] android_usb_accessory gadget: acc_function_disable
[   16.542234] android_usb_accessory gadget: high-speed config #1: android_accessory
[   16.543026] android_work: sent uevent USB_STATE=CONFIGURED
[   17.886888] rtk_btcoex: hci create connection, start paging
[   18.903533] rtk_btcoex: connected, handle 0001, status 0x00
[   18.903553] rtk_btcoex: Page success
[   19.035306] rtk_btcoex: l2cap op 2, len 16, out 1
[   19.035380] rtk_btcoex: TX l2cap conn req, hndl 0x0001, PSM 0x0001, scid 0x0040
[   19.035390] rtk_btcoex: PSM(0x0001) do not need parse
[   19.065420] rtk_btcoex: l2cap op 3, len 20, out 0
[   19.065522] rtk_btcoex: RX l2cap conn rsp, hndl 0x0001, dcid 0x2511, scid 0x0040, result 0x0000
[   19.161520] rtk_btcoex: l2cap op 6, len 16, out 1
[   19.161691] rtk_btcoex: TX l2cap disconn req, hndl 0x0001, dcid 0x2511, scid 0x0040
[   19.161709] rtk_btcoex: handle_l2cap_discon_req: handle 0x0001, dcid 0x2511, scid 0x0040, dir 1
[   19.300778] rtk_btcoex: l2cap op 2, len 16, out 1
[   19.301323] rtk_btcoex: TX l2cap conn req, hndl 0x0001, PSM 0x0003, scid 0x0041
[   19.354095] rtk_btcoex: l2cap op 3, len 20, out 0
[   19.354190] rtk_btcoex: RX l2cap conn rsp, hndl 0x0001, dcid 0x2611, scid 0x0041, result 0x0001
[   19.466605] rtk_btcoex: l2cap op 3, len 20, out 0
[   19.466748] rtk_btcoex: RX l2cap conn rsp, hndl 0x0001, dcid 0x2611, scid 0x0041, result 0x0000
[   19.466761] rtk_btcoex: l2cap connection success, update connection
[   19.466773] rtk_btcoex: update_profile_connection: is_add 1, profile_index 3
[   19.466787] rtk_btcoex: update_profile_connection: btrtl_coex.profile_bitmap 0x08
[   19.466800] rtk_btcoex: update_profile_connection: btrtl_coex.profile_refcount[0] = 0
[   19.466812] rtk_btcoex: update_profile_connection: btrtl_coex.profile_refcount[1] = 0
[   19.466824] rtk_btcoex: update_profile_connection: btrtl_coex.profile_refcount[2] = 0
[   19.466836] rtk_btcoex: update_profile_connection: btrtl_coex.profile_refcount[3] = 1
[   19.466848] rtk_btcoex: update_profile_connection: btrtl_coex.profile_refcount[4] = 0
[   19.466861] rtk_btcoex: update_profile_connection: btrtl_coex.profile_refcount[5] = 0
[   19.466873] rtk_btcoex: update_profile_connection: btrtl_coex.profile_refcount[6] = 0
[   19.466885] rtk_btcoex: update_profile_connection: btrtl_coex.profile_refcount[7] = 0
[   19.466897] rtk_btcoex: rtk_notify_profileinfo_to_fw: BufferSize 5
[   19.466909] rtk_btcoex: rtk_notify_profileinfo_to_fw: NumberOfHandles 1
[   19.466919] rtk_btcoex: rtk_notify_profileinfo_to_fw: handle 0x0001
[   19.466931] rtk_btcoex: rtk_notify_profileinfo_to_fw: profile_bitmap 0x08
[   19.466941] rtk_btcoex: rtk_notify_profileinfo_to_fw: profile_status 0x00
[   19.466956] rtk_btcoex: rtk_vendor_cmd_to_fw: opcode 0xfc19
[   20.457881] rtk_btcoex: count_pan_packet_timeout: pan_packet_count 33
[   20.457900] rtk_btcoex: timeout_handler: pan idle->busy!
[   20.457912] rtk_btcoex: update_profile_state: btrtl_coex.profie_bitmap = 8
[   20.457923] rtk_btcoex: update_profile_state: btrtl_coex.profile_status = 8
[   20.457937] rtk_btcoex: rtk_notify_profileinfo_to_fw: BufferSize 5
[   20.457947] rtk_btcoex: rtk_notify_profileinfo_to_fw: NumberOfHandles 1
[   20.457959] rtk_btcoex: rtk_notify_profileinfo_to_fw: handle 0x0001
[   20.457971] rtk_btcoex: rtk_notify_profileinfo_to_fw: profile_bitmap 0x08
[   20.457981] rtk_btcoex: rtk_notify_profileinfo_to_fw: profile_status 0x08
[   20.458000] rtk_btcoex: rtk_vendor_cmd_to_fw: opcode 0xfc19
[   21.457832] rtk_btcoex: count_pan_packet_timeout: pan busy->idle!
[   21.457857] rtk_btcoex: update_profile_state: btrtl_coex.profie_bitmap = 8
[   21.457868] rtk_btcoex: update_profile_state: btrtl_coex.profile_status = 0
[   21.457881] rtk_btcoex: rtk_notify_profileinfo_to_fw: BufferSize 5
[   21.457891] rtk_btcoex: rtk_notify_profileinfo_to_fw: NumberOfHandles 1
[   21.457903] rtk_btcoex: rtk_notify_profileinfo_to_fw: handle 0x0001
[   21.457914] rtk_btcoex: rtk_notify_profileinfo_to_fw: profile_bitmap 0x08
[   21.457925] rtk_btcoex: rtk_notify_profileinfo_to_fw: profile_status 0x00
[   21.457942] rtk_btcoex: rtk_vendor_cmd_to_fw: opcode 0xfc19
[   22.457831] rtk_btcoex: count_pan_packet_timeout: pan_packet_count 17
[   22.457849] rtk_btcoex: timeout_handler: pan idle->busy!
[   22.457861] rtk_btcoex: update_profile_state: btrtl_coex.profie_bitmap = 8
[   22.457872] rtk_btcoex: update_profile_state: btrtl_coex.profile_status = 8
[   22.457884] rtk_btcoex: rtk_notify_profileinfo_to_fw: BufferSize 5
[   22.457895] rtk_btcoex: rtk_notify_profileinfo_to_fw: NumberOfHandles 1
[   22.457905] rtk_btcoex: rtk_notify_profileinfo_to_fw: handle 0x0001
[   22.457917] rtk_btcoex: rtk_notify_profileinfo_to_fw: profile_bitmap 0x08
[   22.457927] rtk_btcoex: rtk_notify_profileinfo_to_fw: profile_status 0x08
[   22.457944] rtk_btcoex: rtk_vendor_cmd_to_fw: opcode 0xfc19
[   23.457864] rtk_btcoex: count_pan_packet_timeout: pan busy->idle!
[   23.457894] rtk_btcoex: update_profile_state: btrtl_coex.profie_bitmap = 8
[   23.457903] rtk_btcoex: update_profile_state: btrtl_coex.profile_status = 0
[   23.457917] rtk_btcoex: rtk_notify_profileinfo_to_fw: BufferSize 5
[   23.457929] rtk_btcoex: rtk_notify_profileinfo_to_fw: NumberOfHandles 1
[   23.457940] rtk_btcoex: rtk_notify_profileinfo_to_fw: handle 0x0001
[   23.457951] rtk_btcoex: rtk_notify_profileinfo_to_fw: profile_bitmap 0x08
[   23.457962] rtk_btcoex: rtk_notify_profileinfo_to_fw: profile_status 0x00
[   23.457980] rtk_btcoex: rtk_vendor_cmd_to_fw: opcode 0xfc19
[   24.236512] acc_ctrlrequest 00.09 v0001 i0000 l0
[   24.236540] android_usb_accessory gadget: unknown class-specific control req 00.09 v0001 i0000 l0
[   24.236555] android_usb_accessory gadget: acc_function_disable
[   24.236676] android_usb_accessory gadget: high-speed config #1: android_accessory
[   24.242013] android_work: sent uevent USB_STATE=CONFIGURED
[   24.248393] android_usb_accessory gadget: acc_function_disable
[   24.248615] android_usb_accessory gadget: _acc_poll POLLHUP!
[   24.261813] android_work: sent uevent USB_STATE=DISCONNECTED
[   24.613611] android_usb: already disabled
[   25.215151] rtk_btcoex: HCI Disconnect, handle 0001, reason 0x13
[   25.296122] rtk_btcoex: disconn cmpl evt: status 0x00, handle 0001, reason 0x16
[   25.296140] rtk_btcoex: process disconn complete event.
[   25.296155] rtk_btcoex: hci disconn, hndl 1, psm 3, dcid 2611, scid 41, profile 3
[   25.296167] rtk_btcoex: disconn_profile: profile_ref[3] 0
[   25.296183] rtk_btcoex: Delete profile: hndl 0x0001, psm 0x0003, dcid 0x2611, scid 0x0041
[   25.296199] rtk_btcoex: rtk_notify_profileinfo_to_fw: BufferSize 2
[   25.296211] rtk_btcoex: rtk_notify_profileinfo_to_fw: NumberOfHandles 0
[   25.296222] rtk_btcoex: rtk_notify_profileinfo_to_fw: profile_status 0x00
[   25.296237] rtk_btcoex: rtk_vendor_cmd_to_fw: opcode 0xfc19
[   25.707295] android_usb: already disabled
[   27.739025] android_enable_function: accessory
[   27.772739] [otg_statemachine]  OTG_STATE_B_PERIPHERAL:, 0 0 1
[   27.772764] [otg_statemachine]  quit statemachine, changed = 0
[   27.888785] android_work: did not send uevent (0 0   (null))
[   27.951186] acc_ctrlrequest 80.06 v0100 i0000 l64
[   27.951208] android_usb_accessory gadget: unknown class-specific control req 80.06 v0100 i0000 l64
[   27.951839] android_work: sent uevent USB_STATE=CONNECTED
[   27.958239] android_work: sent uevent USB_STATE=DISCONNECTED
[   28.027187] acc_ctrlrequest 80.06 v0100 i0000 l18
[   28.027215] android_usb_accessory gadget: unknown class-specific control req 80.06 v0100 i0000 l18
[   28.027357] acc_ctrlrequest 80.06 v0f00 i0000 l5
[   28.027374] android_usb_accessory gadget: unknown class-specific control req 80.06 v0f00 i0000 l5
[   28.027387] android_usb_accessory gadget: USB_DT_BOS response value: 5
[   28.027506] acc_ctrlrequest 80.06 v0f00 i0000 l22
[   28.027524] android_usb_accessory gadget: unknown class-specific control req 80.06 v0f00 i0000 l22
[   28.027536] android_usb_accessory gadget: USB_DT_BOS response value: 22
[   28.027866] acc_ctrlrequest 80.06 v0200 i0000 l9
[   28.027891] android_usb_accessory gadget: unknown class-specific control req 80.06 v0200 i0000 l9
[   28.028240] android_work: sent uevent USB_STATE=CONNECTED
[   28.028280] acc_ctrlrequest 80.06 v0200 i0000 l32
[   28.028298] android_usb_accessory gadget: unknown class-specific control req 80.06 v0200 i0000 l32
[   28.029684] acc_ctrlrequest 80.06 v0300 i0000 l255
[   28.029712] android_usb_accessory gadget: unknown class-specific control req 80.06 v0300 i0000 l255
[   28.029827] acc_ctrlrequest 80.06 v0304 i0409 l255
[   28.029844] android_usb_accessory gadget: unknown class-specific control req 80.06 v0304 i0409 l255
[   28.029987] acc_ctrlrequest 80.06 v0303 i0409 l255
[   28.030007] android_usb_accessory gadget: unknown class-specific control req 80.06 v0303 i0409 l255
[   28.030106] acc_ctrlrequest 80.06 v0305 i0409 l255
[   28.030122] android_usb_accessory gadget: unknown class-specific control req 80.06 v0305 i0409 l255
[   28.032933] acc_ctrlrequest 00.09 v0001 i0000 l0
[   28.032963] android_usb_accessory gadget: unknown class-specific control req 00.09 v0001 i0000 l0
[   28.032980] android_usb_accessory gadget: high-speed config #1: android_accessory
[   28.033130] acc_ctrlrequest 80.06 v0306 i0409 l255
[   28.033148] android_usb_accessory gadget: unknown class-specific control req 80.06 v0306 i0409 l255
[   28.033347] acc_ctrlrequest 80.06 v0307 i0409 l255
[   28.033368] android_usb_accessory gadget: unknown class-specific control req 80.06 v0307 i0409 l255
[   28.035949] acc_ctrlrequest 80.06 v0300 i0000 l254
[   28.035977] android_usb_accessory gadget: unknown class-specific control req 80.06 v0300 i0000 l254
[   28.036200] acc_ctrlrequest 80.06 v0303 i0409 l255
[   28.036219] android_usb_accessory gadget: unknown class-specific control req 80.06 v0303 i0409 l255
[   28.036529] acc_ctrlrequest 80.06 v0300 i0000 l254
[   28.036547] android_usb_accessory gadget: unknown class-specific control req 80.06 v0300 i0000 l254
[   28.036747] acc_ctrlrequest 80.06 v0304 i0409 l255
[   28.036766] android_usb_accessory gadget: unknown class-specific control req 80.06 v0304 i0409 l255
[   28.037391] acc_ctrlrequest 80.06 v0300 i0000 l254
[   28.037410] android_usb_accessory gadget: unknown class-specific control req 80.06 v0300 i0000 l254
[   28.037658] acc_ctrlrequest 80.06 v0305 i0409 l255
[   28.037679] android_usb_accessory gadget: unknown class-specific control req 80.06 v0305 i0409 l255
[   28.038215] android_work: sent uevent USB_STATE=CONFIGURED
[   28.038611] acc_ctrlrequest 80.06 v0300 i0000 l254
[   28.038637] android_usb_accessory gadget: unknown class-specific control req 80.06 v0300 i0000 l254
[   28.038861] acc_ctrlrequest 80.06 v0303 i0409 l255
[   28.038880] android_usb_accessory gadget: unknown class-specific control req 80.06 v0303 i0409 l255
[   28.039216] acc_ctrlrequest 80.06 v0300 i0000 l254
[   28.039238] android_usb_accessory gadget: unknown class-specific control req 80.06 v0300 i0000 l254
[   28.039434] acc_ctrlrequest 80.06 v0304 i0409 l255
[   28.039450] android_usb_accessory gadget: unknown class-specific control req 80.06 v0304 i0409 l255
[   28.039842] acc_ctrlrequest 80.06 v0300 i0000 l254
[   28.039865] android_usb_accessory gadget: unknown class-specific control req 80.06 v0300 i0000 l254
[   28.040064] acc_ctrlrequest 80.06 v0305 i0409 l255
[   28.040085] android_usb_accessory gadget: unknown class-specific control req 80.06 v0305 i0409 l255
[   28.040559] acc_ctrlrequest 80.06 v0300 i0000 l254
[   28.040583] android_usb_accessory gadget: unknown class-specific control req 80.06 v0300 i0000 l254
[   28.040832] acc_ctrlrequest 80.06 v0306 i0409 l255
[   28.040851] android_usb_accessory gadget: unknown class-specific control req 80.06 v0306 i0409 l255
[   28.041215] acc_ctrlrequest 80.06 v0300 i0000 l254
[   28.041234] android_usb_accessory gadget: unknown class-specific control req 80.06 v0300 i0000 l254
[   28.041387] acc_ctrlrequest 80.06 v0307 i0409 l255
[   28.041405] android_usb_accessory gadget: unknown class-specific control req 80.06 v0307 i0409 l255
[   28.055273] acc_ctrlrequest 80.06 v0300 i0000 l254
[   28.055303] android_usb_accessory gadget: unknown class-specific control req 80.06 v0300 i0000 l254
[   28.055473] acc_ctrlrequest 80.06 v0305 i0409 l255
[   28.055492] android_usb_accessory gadget: unknown class-specific control req 80.06 v0305 i0409 l255
[   28.056129] acc_ctrlrequest c0.33 v0000 i0000 l2
[   28.056156] android_usb_accessory gadget: unknown class-specific control req c0.33 v0000 i0000 l2
[   28.056173] acc_ctrlrequest c0.33 v0000 i0000 l2
[   28.056188] android_usb_accessory gadget: unknown class-specific control req c0.33 v0000 i0000 l2
[   28.058721] acc_ctrlrequest 80.06 v0300 i0000 l254
[   28.058750] android_usb_accessory gadget: unknown class-specific control req 80.06 v0300 i0000 l254
[   28.058888] acc_ctrlrequest 80.06 v0305 i0409 l255
[   28.058907] android_usb_accessory gadget: unknown class-specific control req 80.06 v0305 i0409 l255
[   28.059165] acc_ctrlrequest c0.33 v0000 i0000 l2
[   28.059186] android_usb_accessory gadget: unknown class-specific control req c0.33 v0000 i0000 l2
[   28.059203] acc_ctrlrequest c0.33 v0000 i0000 l2
[   28.059217] android_usb_accessory gadget: unknown class-specific control req c0.33 v0000 i0000 l2
[   34.570647] acc_ctrlrequest 00.09 v0001 i0000 l0
[   34.570676] android_usb_accessory gadget: unknown class-specific control req 00.09 v0001 i0000 l0
[   34.570691] android_usb_accessory gadget: acc_function_disable
[   34.570732] android_usb_accessory gadget: high-speed config #1: android_accessory
[   34.571424] android_work: sent uevent USB_STATE=CONFIGURED
[   68.070238] acc_ctrlrequest 00.09 v0001 i0000 l0
[   68.070277] android_usb_accessory gadget: unknown class-specific control req 00.09 v0001 i0000 l0
[   68.070293] android_usb_accessory gadget: acc_function_disable
[   68.070328] android_usb_accessory gadget: high-speed config #1: android_accessory
[   68.071089] android_work: sent uevent USB_STATE=CONFIGURED
[   68.076525] android_usb_accessory gadget: acc_function_disable
[   68.076684] android_usb_accessory gadget: _acc_poll POLLHUP!
[   68.083178] android_work: sent uevent USB_STATE=DISCONNECTED
[   68.206053] android_usb: already disabled
[   69.689558] android_usb: already disabled
[   71.720463] android_enable_function: accessory
[   71.752713] [otg_statemachine]  OTG_STATE_B_PERIPHERAL:, 0 0 1
[   71.752738] [otg_statemachine]  quit statemachine, changed = 0
[   71.858084] android_work: did not send uevent (0 0   (null))
[   71.920462] acc_ctrlrequest 80.06 v0100 i0000 l64
[   71.920482] android_usb_accessory gadget: unknown class-specific control req 80.06 v0100 i0000 l64
[   71.921104] android_work: sent uevent USB_STATE=CONNECTED
[   71.928205] android_work: sent uevent USB_STATE=DISCONNECTED
[   71.996376] acc_ctrlrequest 80.06 v0100 i0000 l18
[   71.996405] android_usb_accessory gadget: unknown class-specific control req 80.06 v0100 i0000 l18
[   71.996562] acc_ctrlrequest 80.06 v0f00 i0000 l5
[   71.996580] android_usb_accessory gadget: unknown class-specific control req 80.06 v0f00 i0000 l5
[   71.996592] android_usb_accessory gadget: USB_DT_BOS response value: 5
[   71.996718] acc_ctrlrequest 80.06 v0f00 i0000 l22
[   71.996736] android_usb_accessory gadget: unknown class-specific control req 80.06 v0f00 i0000 l22
[   71.996748] android_usb_accessory gadget: USB_DT_BOS response value: 22
[   71.996870] acc_ctrlrequest 80.06 v0200 i0000 l9
[   71.996889] android_usb_accessory gadget: unknown class-specific control req 80.06 v0200 i0000 l9
[   71.997014] acc_ctrlrequest 80.06 v0200 i0000 l32
[   71.997032] android_usb_accessory gadget: unknown class-specific control req 80.06 v0200 i0000 l32
[   71.997154] acc_ctrlrequest 80.06 v0300 i0000 l255
[   71.997170] android_usb_accessory gadget: unknown class-specific control req 80.06 v0300 i0000 l255
[   71.997315] acc_ctrlrequest 80.06 v0304 i0409 l255
[   71.997333] android_usb_accessory gadget: unknown class-specific control req 80.06 v0304 i0409 l255
[   71.997464] acc_ctrlrequest 80.06 v0303 i0409 l255
[   71.997480] android_usb_accessory gadget: unknown class-specific control req 80.06 v0303 i0409 l255
[   71.997639] android_work: sent uevent USB_STATE=CONNECTED
[   71.997871] acc_ctrlrequest 80.06 v0305 i0409 l255
[   71.997893] android_usb_accessory gadget: unknown class-specific control req 80.06 v0305 i0409 l255
[   71.999959] acc_ctrlrequest 00.09 v0001 i0000 l0
[   71.999991] android_usb_accessory gadget: unknown class-specific control req 00.09 v0001 i0000 l0
[   72.000008] android_usb_accessory gadget: high-speed config #1: android_accessory
[   72.000182] acc_ctrlrequest 80.06 v0306 i0409 l255
[   72.000200] android_usb_accessory gadget: unknown class-specific control req 80.06 v0306 i0409 l255
[   72.000411] acc_ctrlrequest 80.06 v0307 i0409 l255
[   72.000431] android_usb_accessory gadget: unknown class-specific control req 80.06 v0307 i0409 l255
[   72.001393] acc_ctrlrequest 80.06 v0300 i0000 l254
[   72.001420] android_usb_accessory gadget: unknown class-specific control req 80.06 v0300 i0000 l254
[   72.001756] acc_ctrlrequest 80.06 v0303 i0409 l255
[   72.001778] android_usb_accessory gadget: unknown class-specific control req 80.06 v0303 i0409 l255
[   72.002109] acc_ctrlrequest 80.06 v0300 i0000 l254
[   72.002128] android_usb_accessory gadget: unknown class-specific control req 80.06 v0300 i0000 l254
[   72.002351] acc_ctrlrequest 80.06 v0304 i0409 l255
[   72.002370] android_usb_accessory gadget: unknown class-specific control req 80.06 v0304 i0409 l255
[   72.002808] acc_ctrlrequest 80.06 v0300 i0000 l254
[   72.002832] android_usb_accessory gadget: unknown class-specific control req 80.06 v0300 i0000 l254
[   72.003035] acc_ctrlrequest 80.06 v0305 i0409 l255
[   72.003055] android_usb_accessory gadget: unknown class-specific control req 80.06 v0305 i0409 l255
[   72.003951] acc_ctrlrequest 80.06 v0300 i0000 l254
[   72.003976] android_usb_accessory gadget: unknown class-specific control req 80.06 v0300 i0000 l254
[   72.004181] acc_ctrlrequest 80.06 v0303 i0409 l255
[   72.004200] android_usb_accessory gadget: unknown class-specific control req 80.06 v0303 i0409 l255
[   72.004507] acc_ctrlrequest 80.06 v0300 i0000 l254
[   72.004529] android_usb_accessory gadget: unknown class-specific control req 80.06 v0300 i0000 l254
[   72.004723] acc_ctrlrequest 80.06 v0304 i0409 l255
[   72.004744] android_usb_accessory gadget: unknown class-specific control req 80.06 v0304 i0409 l255
[   72.005100] acc_ctrlrequest 80.06 v0300 i0000 l254
[   72.005122] android_usb_accessory gadget: unknown class-specific control req 80.06 v0300 i0000 l254
[   72.005358] acc_ctrlrequest 80.06 v0305 i0409 l255
[   72.005379] android_usb_accessory gadget: unknown class-specific control req 80.06 v0305 i0409 l255
[   72.005714] acc_ctrlrequest 80.06 v0300 i0000 l254
[   72.005735] android_usb_accessory gadget: unknown class-specific control req 80.06 v0300 i0000 l254
[   72.005920] acc_ctrlrequest 80.06 v0306 i0409 l255
[   72.005940] android_usb_accessory gadget: unknown class-specific control req 80.06 v0306 i0409 l255
[   72.006200] acc_ctrlrequest 80.06 v0300 i0000 l254
[   72.006220] android_usb_accessory gadget: unknown class-specific control req 80.06 v0300 i0000 l254
[   72.006379] acc_ctrlrequest 80.06 v0307 i0409 l255
[   72.006399] android_usb_accessory gadget: unknown class-specific control req 80.06 v0307 i0409 l255
[   72.008248] android_work: sent uevent USB_STATE=CONFIGURED
[   72.025059] acc_ctrlrequest 80.06 v0300 i0000 l254
[   72.025088] android_usb_accessory gadget: unknown class-specific control req 80.06 v0300 i0000 l254
[   72.025824] acc_ctrlrequest 80.06 v0305 i0409 l255
[   72.025843] android_usb_accessory gadget: unknown class-specific control req 80.06 v0305 i0409 l255
[   72.026090] acc_ctrlrequest c0.33 v0000 i0000 l2
[   72.026107] android_usb_accessory gadget: unknown class-specific control req c0.33 v0000 i0000 l2
[   72.026122] acc_ctrlrequest c0.33 v0000 i0000 l2
[   72.026137] android_usb_accessory gadget: unknown class-specific control req c0.33 v0000 i0000 l2
[   72.028722] acc_ctrlrequest 80.06 v0300 i0000 l254
[   72.028746] android_usb_accessory gadget: unknown class-specific control req 80.06 v0300 i0000 l254
[   72.028934] acc_ctrlrequest 80.06 v0305 i0409 l255
[   72.028952] android_usb_accessory gadget: unknown class-specific control req 80.06 v0305 i0409 l255
[   72.029167] acc_ctrlrequest c0.33 v0000 i0000 l2
[   72.029183] android_usb_accessory gadget: unknown class-specific control req c0.33 v0000 i0000 l2
[   72.029198] acc_ctrlrequest c0.33 v0000 i0000 l2
[   72.029213] android_usb_accessory gadget: unknown class-specific control req c0.33 v0000 i0000 l2
[   82.791799] android_usb_accessory gadget: acc_function_disable
[   82.791904] android_usb_accessory gadget: _acc_poll POLLHUP!
[   82.818182] android_usb: already disabled
[   82.961324] android_usb: already disabled
[   83.974100] android_usb: already disabled
[   86.008657] android_enable_function: accessory
[   86.042720] [otg_statemachine]  OTG_STATE_B_PERIPHERAL:, 0 0 1
[   86.042743] [otg_statemachine]  quit statemachine, changed = 0
[   86.163037] android_work: sent uevent USB_STATE=DISCONNECTED
[   86.225238] acc_ctrlrequest 80.06 v0100 i0000 l64
[   86.225266] android_usb_accessory gadget: unknown class-specific control req 80.06 v0100 i0000 l64
[   86.225918] android_work: sent uevent USB_STATE=CONNECTED
[   86.235212] android_work: sent uevent USB_STATE=DISCONNECTED
[   86.301151] acc_ctrlrequest 80.06 v0100 i0000 l18
[   86.301180] android_usb_accessory gadget: unknown class-specific control req 80.06 v0100 i0000 l18
[   86.301361] acc_ctrlrequest 80.06 v0f00 i0000 l5
[   86.301380] android_usb_accessory gadget: unknown class-specific control req 80.06 v0f00 i0000 l5
[   86.301394] android_usb_accessory gadget: USB_DT_BOS response value: 5
[   86.301518] acc_ctrlrequest 80.06 v0f00 i0000 l22
[   86.301535] android_usb_accessory gadget: unknown class-specific control req 80.06 v0f00 i0000 l22
[   86.301549] android_usb_accessory gadget: USB_DT_BOS response value: 22
[   86.301848] acc_ctrlrequest 80.06 v0200 i0000 l9
[   86.301872] android_usb_accessory gadget: unknown class-specific control req 80.06 v0200 i0000 l9
[   86.302123] acc_ctrlrequest 80.06 v0200 i0000 l32
[   86.302145] android_usb_accessory gadget: unknown class-specific control req 80.06 v0200 i0000 l32
[   86.302236] android_work: sent uevent USB_STATE=CONNECTED
[   86.302287] acc_ctrlrequest 80.06 v0300 i0000 l255
[   86.302302] android_usb_accessory gadget: unknown class-specific control req 80.06 v0300 i0000 l255
[   86.302460] acc_ctrlrequest 80.06 v0304 i0409 l255
[   86.302478] android_usb_accessory gadget: unknown class-specific control req 80.06 v0304 i0409 l255
[   86.302646] acc_ctrlrequest 80.06 v0303 i0409 l255
[   86.302666] android_usb_accessory gadget: unknown class-specific control req 80.06 v0303 i0409 l255
[   86.302825] acc_ctrlrequest 80.06 v0305 i0409 l255
[   86.302844] android_usb_accessory gadget: unknown class-specific control req 80.06 v0305 i0409 l255
[   86.304821] acc_ctrlrequest 00.09 v0001 i0000 l0
[   86.304850] android_usb_accessory gadget: unknown class-specific control req 00.09 v0001 i0000 l0
[   86.304868] android_usb_accessory gadget: high-speed config #1: android_accessory
[   86.305096] acc_ctrlrequest 80.06 v0306 i0409 l255
[   86.305116] android_usb_accessory gadget: unknown class-specific control req 80.06 v0306 i0409 l255
[   86.305307] acc_ctrlrequest 80.06 v0307 i0409 l255
[   86.305325] android_usb_accessory gadget: unknown class-specific control req 80.06 v0307 i0409 l255
[   86.307375] acc_ctrlrequest 80.06 v0300 i0000 l254
[   86.307403] android_usb_accessory gadget: unknown class-specific control req 80.06 v0300 i0000 l254
[   86.307616] acc_ctrlrequest 80.06 v0303 i0409 l255
[   86.307636] android_usb_accessory gadget: unknown class-specific control req 80.06 v0303 i0409 l255
[   86.307912] acc_ctrlrequest 80.06 v0300 i0000 l254
[   86.307932] android_usb_accessory gadget: unknown class-specific control req 80.06 v0300 i0000 l254
[   86.308205] acc_ctrlrequest 80.06 v0304 i0409 l255
[   86.308225] android_usb_accessory gadget: unknown class-specific control req 80.06 v0304 i0409 l255
[   86.308721] acc_ctrlrequest 80.06 v0300 i0000 l254
[   86.308744] android_usb_accessory gadget: unknown class-specific control req 80.06 v0300 i0000 l254
[   86.308930] acc_ctrlrequest 80.06 v0305 i0409 l255
[   86.308949] android_usb_accessory gadget: unknown class-specific control req 80.06 v0305 i0409 l255
[   86.309449] acc_ctrlrequest 80.06 v0300 i0000 l254
[   86.309472] android_usb_accessory gadget: unknown class-specific control req 80.06 v0300 i0000 l254
[   86.309634] acc_ctrlrequest 80.06 v0303 i0409 l255
[   86.309653] android_usb_accessory gadget: unknown class-specific control req 80.06 v0303 i0409 l255
[   86.309944] acc_ctrlrequest 80.06 v0300 i0000 l254
[   86.309966] android_usb_accessory gadget: unknown class-specific control req 80.06 v0300 i0000 l254
[   86.310160] acc_ctrlrequest 80.06 v0304 i0409 l255
[   86.310179] android_usb_accessory gadget: unknown class-specific control req 80.06 v0304 i0409 l255
[   86.310484] acc_ctrlrequest 80.06 v0300 i0000 l254
[   86.310503] android_usb_accessory gadget: unknown class-specific control req 80.06 v0300 i0000 l254
[   86.310668] acc_ctrlrequest 80.06 v0305 i0409 l255
[   86.310685] android_usb_accessory gadget: unknown class-specific control req 80.06 v0305 i0409 l255
[   86.311192] acc_ctrlrequest 80.06 v0300 i0000 l254
[   86.311214] android_usb_accessory gadget: unknown class-specific control req 80.06 v0300 i0000 l254
[   86.311356] acc_ctrlrequest 80.06 v0306 i0409 l255
[   86.311375] android_usb_accessory gadget: unknown class-specific control req 80.06 v0306 i0409 l255
[   86.311714] acc_ctrlrequest 80.06 v0300 i0000 l254
[   86.311734] android_usb_accessory gadget: unknown class-specific control req 80.06 v0300 i0000 l254
[   86.311939] acc_ctrlrequest 80.06 v0307 i0409 l255
[   86.311957] android_usb_accessory gadget: unknown class-specific control req 80.06 v0307 i0409 l255
[   86.313148] android_work: sent uevent USB_STATE=CONFIGURED
[   86.342972] acc_ctrlrequest 80.06 v0300 i0000 l254
[   86.343002] android_usb_accessory gadget: unknown class-specific control req 80.06 v0300 i0000 l254
[   86.343167] acc_ctrlrequest 80.06 v0305 i0409 l255
[   86.343186] android_usb_accessory gadget: unknown class-specific control req 80.06 v0305 i0409 l255
[   86.343506] acc_ctrlrequest c0.33 v0000 i0000 l2
[   86.343524] android_usb_accessory gadget: unknown class-specific control req c0.33 v0000 i0000 l2
[   86.343537] acc_ctrlrequest c0.33 v0000 i0000 l2
[   86.343552] android_usb_accessory gadget: unknown class-specific control req c0.33 v0000 i0000 l2
[   86.345557] acc_ctrlrequest 80.06 v0300 i0000 l254
[   86.345573] android_usb_accessory gadget: unknown class-specific control req 80.06 v0300 i0000 l254
[   86.345716] acc_ctrlrequest 80.06 v0305 i0409 l255
[   86.345732] android_usb_accessory gadget: unknown class-specific control req 80.06 v0305 i0409 l255
[   86.346130] acc_ctrlrequest c0.33 v0000 i0000 l2
[   86.346146] android_usb_accessory gadget: unknown class-specific control req c0.33 v0000 i0000 l2
[   86.346160] acc_ctrlrequest c0.33 v0000 i0000 l2
[   86.346174] android_usb_accessory gadget: unknown class-specific control req c0.33 v0000 i0000 l2
[   95.549626] android_usb_accessory gadget: acc_function_disable
[   95.549730] android_usb_accessory gadget: _acc_poll POLLHUP!
[   95.575303] android_usb: already disabled
[   95.650075] android_usb: already disabled
[   96.669227] android_usb: already disabled
[   98.711439] android_enable_function: accessory
[   98.742706] [otg_statemachine]  OTG_STATE_B_PERIPHERAL:, 0 0 1
[   98.742729] [otg_statemachine]  quit statemachine, changed = 0
[   98.834132] android_work: sent uevent USB_STATE=DISCONNECTED
[   98.896094] acc_ctrlrequest 80.06 v0100 i0000 l64
[   98.896122] android_usb_accessory gadget: unknown class-specific control req 80.06 v0100 i0000 l64
[   98.896780] android_work: sent uevent USB_STATE=CONNECTED
[   98.906042] android_work: sent uevent USB_STATE=DISCONNECTED
[   98.973013] acc_ctrlrequest 80.06 v0100 i0000 l18
[   98.973042] android_usb_accessory gadget: unknown class-specific control req 80.06 v0100 i0000 l18
[   98.973191] acc_ctrlrequest 80.06 v0f00 i0000 l5
[   98.973209] android_usb_accessory gadget: unknown class-specific control req 80.06 v0f00 i0000 l5
[   98.973221] android_usb_accessory gadget: USB_DT_BOS response value: 5
[   98.973338] acc_ctrlrequest 80.06 v0f00 i0000 l22
[   98.973355] android_usb_accessory gadget: unknown class-specific control req 80.06 v0f00 i0000 l22
[   98.973367] android_usb_accessory gadget: USB_DT_BOS response value: 22
[   98.973491] acc_ctrlrequest 80.06 v0200 i0000 l9
[   98.973507] android_usb_accessory gadget: unknown class-specific control req 80.06 v0200 i0000 l9
[   98.973657] acc_ctrlrequest 80.06 v0200 i0000 l32
[   98.973674] android_usb_accessory gadget: unknown class-specific control req 80.06 v0200 i0000 l32
[   98.974030] android_work: sent uevent USB_STATE=CONNECTED
[   98.974070] acc_ctrlrequest 80.06 v0300 i0000 l255
[   98.974084] android_usb_accessory gadget: unknown class-specific control req 80.06 v0300 i0000 l255
[   98.974223] acc_ctrlrequest 80.06 v0304 i0409 l255
[   98.974241] android_usb_accessory gadget: unknown class-specific control req 80.06 v0304 i0409 l255
[   98.974391] acc_ctrlrequest 80.06 v0303 i0409 l255
[   98.974408] android_usb_accessory gadget: unknown class-specific control req 80.06 v0303 i0409 l255
[   98.974642] acc_ctrlrequest 80.06 v0305 i0409 l255
[   98.974662] android_usb_accessory gadget: unknown class-specific control req 80.06 v0305 i0409 l255
[   98.979887] acc_ctrlrequest 00.09 v0001 i0000 l0
[   98.979917] android_usb_accessory gadget: unknown class-specific control req 00.09 v0001 i0000 l0
[   98.979934] android_usb_accessory gadget: high-speed config #1: android_accessory
[   98.980111] acc_ctrlrequest 80.06 v0306 i0409 l255
[   98.980128] android_usb_accessory gadget: unknown class-specific control req 80.06 v0306 i0409 l255
[   98.980348] acc_ctrlrequest 80.06 v0307 i0409 l255
[   98.980369] android_usb_accessory gadget: unknown class-specific control req 80.06 v0307 i0409 l255
[   98.984082] android_work: sent uevent USB_STATE=CONFIGURED
[   98.984198] acc_ctrlrequest 80.06 v0300 i0000 l254
[   98.984218] android_usb_accessory gadget: unknown class-specific control req 80.06 v0300 i0000 l254
[   98.984385] acc_ctrlrequest 80.06 v0303 i0409 l255
[   98.984402] android_usb_accessory gadget: unknown class-specific control req 80.06 v0303 i0409 l255
[   98.984680] acc_ctrlrequest 80.06 v0300 i0000 l254
[   98.984701] android_usb_accessory gadget: unknown class-specific control req 80.06 v0300 i0000 l254
[   98.984978] acc_ctrlrequest 80.06 v0304 i0409 l255
[   98.984997] android_usb_accessory gadget: unknown class-specific control req 80.06 v0304 i0409 l255
[   98.985337] acc_ctrlrequest 80.06 v0300 i0000 l254
[   98.985357] android_usb_accessory gadget: unknown class-specific control req 80.06 v0300 i0000 l254
[   98.985648] acc_ctrlrequest 80.06 v0305 i0409 l255
[   98.985669] android_usb_accessory gadget: unknown class-specific control req 80.06 v0305 i0409 l255
[   98.986208] acc_ctrlrequest 80.06 v0300 i0000 l254
[   98.986232] android_usb_accessory gadget: unknown class-specific control req 80.06 v0300 i0000 l254
[   98.986391] acc_ctrlrequest 80.06 v0303 i0409 l255
[   98.986410] android_usb_accessory gadget: unknown class-specific control req 80.06 v0303 i0409 l255
[   98.986693] acc_ctrlrequest 80.06 v0300 i0000 l254
[   98.986714] android_usb_accessory gadget: unknown class-specific control req 80.06 v0300 i0000 l254
[   98.986922] acc_ctrlrequest 80.06 v0304 i0409 l255
[   98.986941] android_usb_accessory gadget: unknown class-specific control req 80.06 v0304 i0409 l255
[   98.987251] acc_ctrlrequest 80.06 v0300 i0000 l254
[   98.987271] android_usb_accessory gadget: unknown class-specific control req 80.06 v0300 i0000 l254
[   98.987405] acc_ctrlrequest 80.06 v0305 i0409 l255
[   98.987425] android_usb_accessory gadget: unknown class-specific control req 80.06 v0305 i0409 l255
[   98.988380] acc_ctrlrequest 80.06 v0300 i0000 l254
[   98.988408] android_usb_accessory gadget: unknown class-specific control req 80.06 v0300 i0000 l254
[   98.988580] acc_ctrlrequest 80.06 v0306 i0409 l255
[   98.988601] android_usb_accessory gadget: unknown class-specific control req 80.06 v0306 i0409 l255
[   98.988926] acc_ctrlrequest 80.06 v0300 i0000 l254
[   98.988945] android_usb_accessory gadget: unknown class-specific control req 80.06 v0300 i0000 l254
[   98.989104] acc_ctrlrequest 80.06 v0307 i0409 l255
[   98.989121] android_usb_accessory gadget: unknown class-specific control req 80.06 v0307 i0409 l255
[   99.013625] acc_ctrlrequest 80.06 v0300 i0000 l254
[   99.013654] android_usb_accessory gadget: unknown class-specific control req 80.06 v0300 i0000 l254
[   99.013896] acc_ctrlrequest 80.06 v0305 i0409 l255
[   99.013913] android_usb_accessory gadget: unknown class-specific control req 80.06 v0305 i0409 l255
[   99.015181] acc_ctrlrequest c0.33 v0000 i0000 l2
[   99.015197] android_usb_accessory gadget: unknown class-specific control req c0.33 v0000 i0000 l2
[   99.015210] acc_ctrlrequest c0.33 v0000 i0000 l2
[   99.015226] android_usb_accessory gadget: unknown class-specific control req c0.33 v0000 i0000 l2
[   99.016091] acc_ctrlrequest 80.06 v0300 i0000 l254
[   99.016106] android_usb_accessory gadget: unknown class-specific control req 80.06 v0300 i0000 l254
[   99.016261] acc_ctrlrequest 80.06 v0305 i0409 l255
[   99.016278] android_usb_accessory gadget: unknown class-specific control req 80.06 v0305 i0409 l255
[   99.016469] acc_ctrlrequest c0.33 v0000 i0000 l2
[   99.016484] android_usb_accessory gadget: unknown class-specific control req c0.33 v0000 i0000 l2
[   99.016498] acc_ctrlrequest c0.33 v0000 i0000 l2
[   99.016513] android_usb_accessory gadget: unknown class-specific control req c0.33 v0000 i0000 l2
[  108.228468] android_usb_accessory gadget: acc_function_disable
[  108.228563] android_usb_accessory gadget: _acc_poll POLLHUP!
[  108.252708] android_usb: already disabled
[  108.351051] android_usb: already disabled
[  109.336257] android_usb: already disabled
[  111.369582] android_enable_function: accessory
[  111.402697] [otg_statemachine]  OTG_STATE_B_PERIPHERAL:, 0 0 1
[  111.402719] [otg_statemachine]  quit statemachine, changed = 0
[  111.505602] android_work: sent uevent USB_STATE=DISCONNECTED
[  111.568987] acc_ctrlrequest 80.06 v0100 i0000 l64
[  111.569017] android_usb_accessory gadget: unknown class-specific control req 80.06 v0100 i0000 l64
[  111.569664] android_work: sent uevent USB_STATE=CONNECTED
[  111.578217] android_work: sent uevent USB_STATE=DISCONNECTED
[  111.647749] acc_ctrlrequest 80.06 v0100 i0000 l18
[  111.647777] android_usb_accessory gadget: unknown class-specific control req 80.06 v0100 i0000 l18
[  111.647964] acc_ctrlrequest 80.06 v0f00 i0000 l5
[  111.647983] android_usb_accessory gadget: unknown class-specific control req 80.06 v0f00 i0000 l5
[  111.647996] android_usb_accessory gadget: USB_DT_BOS response value: 5
[  111.648198] acc_ctrlrequest 80.06 v0f00 i0000 l22
[  111.648218] android_usb_accessory gadget: unknown class-specific control req 80.06 v0f00 i0000 l22
[  111.648233] android_usb_accessory gadget: USB_DT_BOS response value: 22
[  111.648397] acc_ctrlrequest 80.06 v0200 i0000 l9
[  111.648415] android_usb_accessory gadget: unknown class-specific control req 80.06 v0200 i0000 l9
[  111.648603] acc_ctrlrequest 80.06 v0200 i0000 l32
[  111.648625] android_usb_accessory gadget: unknown class-specific control req 80.06 v0200 i0000 l32
[  111.648840] android_work: sent uevent USB_STATE=CONNECTED
[  111.649180] acc_ctrlrequest 80.06 v0300 i0000 l255
[  111.649202] android_usb_accessory gadget: unknown class-specific control req 80.06 v0300 i0000 l255
[  111.649502] acc_ctrlrequest 80.06 v0304 i0409 l255
[  111.649523] android_usb_accessory gadget: unknown class-specific control req 80.06 v0304 i0409 l255
[  111.649710] acc_ctrlrequest 80.06 v0303 i0409 l255
[  111.649730] android_usb_accessory gadget: unknown class-specific control req 80.06 v0303 i0409 l255
[  111.649869] acc_ctrlrequest 80.06 v0305 i0409 l255
[  111.649888] android_usb_accessory gadget: unknown class-specific control req 80.06 v0305 i0409 l255
[  111.653423] acc_ctrlrequest 80.06 v0300 i0000 l254
[  111.653452] android_usb_accessory gadget: unknown class-specific control req 80.06 v0300 i0000 l254
[  111.655348] acc_ctrlrequest 80.06 v0303 i0409 l255
[  111.655375] android_usb_accessory gadget: unknown class-specific control req 80.06 v0303 i0409 l255
[  111.657783] acc_ctrlrequest 00.09 v0001 i0000 l0
[  111.657809] android_usb_accessory gadget: unknown class-specific control req 00.09 v0001 i0000 l0
[  111.657826] android_usb_accessory gadget: high-speed config #1: android_accessory
[  111.658882] android_work: sent uevent USB_STATE=CONFIGURED
[  111.660240] acc_ctrlrequest 80.06 v0306 i0409 l255
[  111.660270] android_usb_accessory gadget: unknown class-specific control req 80.06 v0306 i0409 l255
[  111.661181] acc_ctrlrequest 80.06 v0307 i0409 l255
[  111.661209] android_usb_accessory gadget: unknown class-specific control req 80.06 v0307 i0409 l255
[  111.665410] acc_ctrlrequest 80.06 v0300 i0000 l254
[  111.665440] android_usb_accessory gadget: unknown class-specific control req 80.06 v0300 i0000 l254
[  111.665604] acc_ctrlrequest 80.06 v0304 i0409 l255
[  111.665622] android_usb_accessory gadget: unknown class-specific control req 80.06 v0304 i0409 l255
[  111.666013] acc_ctrlrequest 80.06 v0300 i0000 l254
[  111.666036] android_usb_accessory gadget: unknown class-specific control req 80.06 v0300 i0000 l254
[  111.666565] acc_ctrlrequest 80.06 v0305 i0409 l255
[  111.666588] android_usb_accessory gadget: unknown class-specific control req 80.06 v0305 i0409 l255
[  111.667107] acc_ctrlrequest 80.06 v0300 i0000 l254
[  111.667130] android_usb_accessory gadget: unknown class-specific control req 80.06 v0300 i0000 l254
[  111.667303] acc_ctrlrequest 80.06 v0303 i0409 l255
[  111.667321] android_usb_accessory gadget: unknown class-specific control req 80.06 v0303 i0409 l255
[  111.667565] acc_ctrlrequest 80.06 v0300 i0000 l254
[  111.667586] android_usb_accessory gadget: unknown class-specific control req 80.06 v0300 i0000 l254
[  111.667738] acc_ctrlrequest 80.06 v0304 i0409 l255
[  111.667756] android_usb_accessory gadget: unknown class-specific control req 80.06 v0304 i0409 l255
[  111.668081] acc_ctrlrequest 80.06 v0300 i0000 l254
[  111.668104] android_usb_accessory gadget: unknown class-specific control req 80.06 v0300 i0000 l254
[  111.668247] acc_ctrlrequest 80.06 v0305 i0409 l255
[  111.668266] android_usb_accessory gadget: unknown class-specific control req 80.06 v0305 i0409 l255
[  111.668739] acc_ctrlrequest 80.06 v0300 i0000 l254
[  111.668762] android_usb_accessory gadget: unknown class-specific control req 80.06 v0300 i0000 l254
[  111.668975] acc_ctrlrequest 80.06 v0306 i0409 l255
[  111.668994] android_usb_accessory gadget: unknown class-specific control req 80.06 v0306 i0409 l255
[  111.669261] acc_ctrlrequest 80.06 v0300 i0000 l254
[  111.669280] android_usb_accessory gadget: unknown class-specific control req 80.06 v0300 i0000 l254
[  111.669425] acc_ctrlrequest 80.06 v0307 i0409 l255
[  111.669443] android_usb_accessory gadget: unknown class-specific control req 80.06 v0307 i0409 l255
[  111.712482] acc_ctrlrequest 80.06 v0300 i0000 l254
[  111.712511] android_usb_accessory gadget: unknown class-specific control req 80.06 v0300 i0000 l254
[  111.712711] acc_ctrlrequest 80.06 v0305 i0409 l255
[  111.712727] android_usb_accessory gadget: unknown class-specific control req 80.06 v0305 i0409 l255
[  111.712971] acc_ctrlrequest c0.33 v0000 i0000 l2
[  111.712988] android_usb_accessory gadget: unknown class-specific control req c0.33 v0000 i0000 l2
[  111.713002] acc_ctrlrequest c0.33 v0000 i0000 l2
[  111.713019] android_usb_accessory gadget: unknown class-specific control req c0.33 v0000 i0000 l2
[  111.714098] acc_ctrlrequest 80.06 v0300 i0000 l254
[  111.714114] android_usb_accessory gadget: unknown class-specific control req 80.06 v0300 i0000 l254
[  111.714539] acc_ctrlrequest 80.06 v0305 i0409 l255
[  111.714555] android_usb_accessory gadget: unknown class-specific control req 80.06 v0305 i0409 l255
[  111.714978] acc_ctrlrequest c0.33 v0000 i0000 l2
[  111.714992] android_usb_accessory gadget: unknown class-specific control req c0.33 v0000 i0000 l2
[  111.715005] acc_ctrlrequest c0.33 v0000 i0000 l2
[  111.715020] android_usb_accessory gadget: unknown class-specific control req c0.33 v0000 i0000 l2
[  120.939469] android_usb_accessory gadget: acc_function_disable
[  120.939573] android_usb_accessory gadget: _acc_poll POLLHUP!
[  120.966703] android_usb: already disabled
[  121.016419] android_usb: already disabled
[  122.007110] android_usb: already disabled
[  124.040093] android_enable_function: accessory
[  124.072734] [otg_statemachine]  OTG_STATE_B_PERIPHERAL:, 0 0 1
[  124.072758] [otg_statemachine]  quit statemachine, changed = 0
[  124.178802] android_work: sent uevent USB_STATE=DISCONNECTED
[  124.241658] acc_ctrlrequest 80.06 v0100 i0000 l64
[  124.241687] android_usb_accessory gadget: unknown class-specific control req 80.06 v0100 i0000 l64
[  124.242327] android_work: sent uevent USB_STATE=CONNECTED
[  124.248230] android_work: sent uevent USB_STATE=DISCONNECTED
[  124.317503] acc_ctrlrequest 80.06 v0100 i0000 l18
[  124.317533] android_usb_accessory gadget: unknown class-specific control req 80.06 v0100 i0000 l18
[  124.317707] acc_ctrlrequest 80.06 v0f00 i0000 l5
[  124.317725] android_usb_accessory gadget: unknown class-specific control req 80.06 v0f00 i0000 l5
[  124.317740] android_usb_accessory gadget: USB_DT_BOS response value: 5
[  124.317860] acc_ctrlrequest 80.06 v0f00 i0000 l22
[  124.317877] android_usb_accessory gadget: unknown class-specific control req 80.06 v0f00 i0000 l22
[  124.317890] android_usb_accessory gadget: USB_DT_BOS response value: 22
[  124.318003] acc_ctrlrequest 80.06 v0200 i0000 l9
[  124.318021] android_usb_accessory gadget: unknown class-specific control req 80.06 v0200 i0000 l9
[  124.318153] acc_ctrlrequest 80.06 v0200 i0000 l32
[  124.318168] android_usb_accessory gadget: unknown class-specific control req 80.06 v0200 i0000 l32
[  124.318465] acc_ctrlrequest 80.06 v0300 i0000 l255
[  124.318490] android_usb_accessory gadget: unknown class-specific control req 80.06 v0300 i0000 l255
[  124.318622] acc_ctrlrequest 80.06 v0304 i0409 l255
[  124.318638] android_usb_accessory gadget: unknown class-specific control req 80.06 v0304 i0409 l255
[  124.318774] acc_ctrlrequest 80.06 v0303 i0409 l255
[  124.318792] android_usb_accessory gadget: unknown class-specific control req 80.06 v0303 i0409 l255
[  124.318841] android_work: sent uevent USB_STATE=CONNECTED
[  124.318918] acc_ctrlrequest 80.06 v0305 i0409 l255
[  124.318935] android_usb_accessory gadget: unknown class-specific control req 80.06 v0305 i0409 l255
[  124.326625] acc_ctrlrequest 00.09 v0001 i0000 l0
[  124.326655] android_usb_accessory gadget: unknown class-specific control req 00.09 v0001 i0000 l0
[  124.326672] android_usb_accessory gadget: high-speed config #1: android_accessory
[  124.326854] acc_ctrlrequest 80.06 v0306 i0409 l255
[  124.326873] android_usb_accessory gadget: unknown class-specific control req 80.06 v0306 i0409 l255
[  124.327049] acc_ctrlrequest 80.06 v0307 i0409 l255
[  124.327068] android_usb_accessory gadget: unknown class-specific control req 80.06 v0307 i0409 l255
[  124.328374] android_work: sent uevent USB_STATE=CONFIGURED
[  124.332471] acc_ctrlrequest 80.06 v0300 i0000 l254
[  124.332500] android_usb_accessory gadget: unknown class-specific control req 80.06 v0300 i0000 l254
[  124.332988] acc_ctrlrequest 80.06 v0303 i0409 l255
[  124.333012] android_usb_accessory gadget: unknown class-specific control req 80.06 v0303 i0409 l255
[  124.333283] acc_ctrlrequest 80.06 v0300 i0000 l254
[  124.333303] android_usb_accessory gadget: unknown class-specific control req 80.06 v0300 i0000 l254
[  124.333602] acc_ctrlrequest 80.06 v0304 i0409 l255
[  124.333624] android_usb_accessory gadget: unknown class-specific control req 80.06 v0304 i0409 l255
[  124.333904] acc_ctrlrequest 80.06 v0300 i0000 l254
[  124.333924] android_usb_accessory gadget: unknown class-specific control req 80.06 v0300 i0000 l254
[  124.334128] acc_ctrlrequest 80.06 v0305 i0409 l255
[  124.334147] android_usb_accessory gadget: unknown class-specific control req 80.06 v0305 i0409 l255
[  124.334792] acc_ctrlrequest 80.06 v0300 i0000 l254
[  124.334814] android_usb_accessory gadget: unknown class-specific control req 80.06 v0300 i0000 l254
[  124.334974] acc_ctrlrequest 80.06 v0303 i0409 l255
[  124.334993] android_usb_accessory gadget: unknown class-specific control req 80.06 v0303 i0409 l255
[  124.335202] acc_ctrlrequest 80.06 v0300 i0000 l254
[  124.335222] android_usb_accessory gadget: unknown class-specific control req 80.06 v0300 i0000 l254
[  124.335371] acc_ctrlrequest 80.06 v0304 i0409 l255
[  124.335389] android_usb_accessory gadget: unknown class-specific control req 80.06 v0304 i0409 l255
[  124.335764] acc_ctrlrequest 80.06 v0300 i0000 l254
[  124.335783] android_usb_accessory gadget: unknown class-specific control req 80.06 v0300 i0000 l254
[  124.336070] acc_ctrlrequest 80.06 v0305 i0409 l255
[  124.336090] android_usb_accessory gadget: unknown class-specific control req 80.06 v0305 i0409 l255
[  124.336485] acc_ctrlrequest 80.06 v0300 i0000 l254
[  124.336507] android_usb_accessory gadget: unknown class-specific control req 80.06 v0300 i0000 l254
[  124.337149] acc_ctrlrequest 80.06 v0306 i0409 l255
[  124.337170] android_usb_accessory gadget: unknown class-specific control req 80.06 v0306 i0409 l255
[  124.337935] acc_ctrlrequest 80.06 v0300 i0000 l254
[  124.337958] android_usb_accessory gadget: unknown class-specific control req 80.06 v0300 i0000 l254
[  124.338874] acc_ctrlrequest 80.06 v0307 i0409 l255
[  124.338898] android_usb_accessory gadget: unknown class-specific control req 80.06 v0307 i0409 l255
[  124.365637] acc_ctrlrequest 80.06 v0300 i0000 l254
[  124.365665] android_usb_accessory gadget: unknown class-specific control req 80.06 v0300 i0000 l254
[  124.365896] acc_ctrlrequest 80.06 v0305 i0409 l255
[  124.365913] android_usb_accessory gadget: unknown class-specific control req 80.06 v0305 i0409 l255
[  124.366307] acc_ctrlrequest c0.33 v0000 i0000 l2
[  124.366323] android_usb_accessory gadget: unknown class-specific control req c0.33 v0000 i0000 l2
[  124.366339] acc_ctrlrequest c0.33 v0000 i0000 l2
[  124.366354] android_usb_accessory gadget: unknown class-specific control req c0.33 v0000 i0000 l2
[  124.367645] acc_ctrlrequest 80.06 v0300 i0000 l254
[  124.367661] android_usb_accessory gadget: unknown class-specific control req 80.06 v0300 i0000 l254
[  124.367849] acc_ctrlrequest 80.06 v0305 i0409 l255
[  124.367865] android_usb_accessory gadget: unknown class-specific control req 80.06 v0305 i0409 l255
[  124.368088] acc_ctrlrequest c0.33 v0000 i0000 l2
[  124.368107] android_usb_accessory gadget: unknown class-specific control req c0.33 v0000 i0000 l2
[  124.368121] acc_ctrlrequest c0.33 v0000 i0000 l2
[  124.368135] android_usb_accessory gadget: unknown class-specific control req c0.33 v0000 i0000 l2
[  133.612618] android_usb_accessory gadget: acc_function_disable
[  133.612713] android_usb_accessory gadget: _acc_poll POLLHUP!
[  133.635493] android_usb: already disabled
[  133.686616] android_usb: already disabled
[  134.704371] android_usb: already disabled
[  136.739339] android_enable_function: accessory
[  136.772723] [otg_statemachine]  OTG_STATE_B_PERIPHERAL:, 0 0 1
[  136.772746] [otg_statemachine]  quit statemachine, changed = 0
[  136.879571] android_work: sent uevent USB_STATE=DISCONNECTED
[  136.942543] acc_ctrlrequest 80.06 v0100 i0000 l64
[  136.942571] android_usb_accessory gadget: unknown class-specific control req 80.06 v0100 i0000 l64
[  136.943210] android_work: sent uevent USB_STATE=CONNECTED
[  136.952520] android_work: sent uevent USB_STATE=DISCONNECTED
[  137.019267] acc_ctrlrequest 80.06 v0100 i0000 l18
[  137.019297] android_usb_accessory gadget: unknown class-specific control req 80.06 v0100 i0000 l18
[  137.019430] acc_ctrlrequest 80.06 v0f00 i0000 l5
[  137.019447] android_usb_accessory gadget: unknown class-specific control req 80.06 v0f00 i0000 l5
[  137.019460] android_usb_accessory gadget: USB_DT_BOS response value: 5
[  137.019571] acc_ctrlrequest 80.06 v0f00 i0000 l22
[  137.019588] android_usb_accessory gadget: unknown class-specific control req 80.06 v0f00 i0000 l22
[  137.019602] android_usb_accessory gadget: USB_DT_BOS response value: 22
[  137.019721] acc_ctrlrequest 80.06 v0200 i0000 l9
[  137.019736] android_usb_accessory gadget: unknown class-specific control req 80.06 v0200 i0000 l9
[  137.019863] acc_ctrlrequest 80.06 v0200 i0000 l32
[  137.019881] android_usb_accessory gadget: unknown class-specific control req 80.06 v0200 i0000 l32
[  137.020006] acc_ctrlrequest 80.06 v0300 i0000 l255
[  137.020022] android_usb_accessory gadget: unknown class-specific control req 80.06 v0300 i0000 l255
[  137.020148] acc_ctrlrequest 80.06 v0304 i0409 l255
[  137.020164] android_usb_accessory gadget: unknown class-specific control req 80.06 v0304 i0409 l255
[  137.020297] acc_ctrlrequest 80.06 v0303 i0409 l255
[  137.020315] android_usb_accessory gadget: unknown class-specific control req 80.06 v0303 i0409 l255
[  137.020537] android_work: sent uevent USB_STATE=CONNECTED
[  137.020822] acc_ctrlrequest 80.06 v0305 i0409 l255
[  137.020844] android_usb_accessory gadget: unknown class-specific control req 80.06 v0305 i0409 l255
[  137.026537] acc_ctrlrequest 00.09 v0001 i0000 l0
[  137.026567] android_usb_accessory gadget: unknown class-specific control req 00.09 v0001 i0000 l0
[  137.026585] android_usb_accessory gadget: high-speed config #1: android_accessory
[  137.026771] acc_ctrlrequest 80.06 v0306 i0409 l255
[  137.026790] android_usb_accessory gadget: unknown class-specific control req 80.06 v0306 i0409 l255
[  137.026984] acc_ctrlrequest 80.06 v0307 i0409 l255
[  137.027004] android_usb_accessory gadget: unknown class-specific control req 80.06 v0307 i0409 l255
[  137.030371] android_work: sent uevent USB_STATE=CONFIGURED
[  137.030789] acc_ctrlrequest 80.06 v0300 i0000 l254
[  137.030812] android_usb_accessory gadget: unknown class-specific control req 80.06 v0300 i0000 l254
[  137.031014] acc_ctrlrequest 80.06 v0303 i0409 l255
[  137.031034] android_usb_accessory gadget: unknown class-specific control req 80.06 v0303 i0409 l255
[  137.031299] acc_ctrlrequest 80.06 v0300 i0000 l254
[  137.031317] android_usb_accessory gadget: unknown class-specific control req 80.06 v0300 i0000 l254
[  137.031478] acc_ctrlrequest 80.06 v0304 i0409 l255
[  137.031498] android_usb_accessory gadget: unknown class-specific control req 80.06 v0304 i0409 l255
[  137.031744] acc_ctrlrequest 80.06 v0300 i0000 l254
[  137.031763] android_usb_accessory gadget: unknown class-specific control req 80.06 v0300 i0000 l254
[  137.032097] acc_ctrlrequest 80.06 v0305 i0409 l255
[  137.032121] android_usb_accessory gadget: unknown class-specific control req 80.06 v0305 i0409 l255
[  137.032833] acc_ctrlrequest 80.06 v0300 i0000 l254
[  137.032857] android_usb_accessory gadget: unknown class-specific control req 80.06 v0300 i0000 l254
[  137.033027] acc_ctrlrequest 80.06 v0303 i0409 l255
[  137.033048] android_usb_accessory gadget: unknown class-specific control req 80.06 v0303 i0409 l255
[  137.033254] acc_ctrlrequest 80.06 v0300 i0000 l254
[  137.033275] android_usb_accessory gadget: unknown class-specific control req 80.06 v0300 i0000 l254
[  137.033487] acc_ctrlrequest 80.06 v0304 i0409 l255
[  137.033508] android_usb_accessory gadget: unknown class-specific control req 80.06 v0304 i0409 l255
[  137.033850] acc_ctrlrequest 80.06 v0300 i0000 l254
[  137.033870] android_usb_accessory gadget: unknown class-specific control req 80.06 v0300 i0000 l254
[  137.034054] acc_ctrlrequest 80.06 v0305 i0409 l255
[  137.034073] android_usb_accessory gadget: unknown class-specific control req 80.06 v0305 i0409 l255
[  137.034515] acc_ctrlrequest 80.06 v0300 i0000 l254
[  137.034539] android_usb_accessory gadget: unknown class-specific control req 80.06 v0300 i0000 l254
[  137.034687] acc_ctrlrequest 80.06 v0306 i0409 l255
[  137.034706] android_usb_accessory gadget: unknown class-specific control req 80.06 v0306 i0409 l255
[  137.034904] acc_ctrlrequest 80.06 v0300 i0000 l254
[  137.034922] android_usb_accessory gadget: unknown class-specific control req 80.06 v0300 i0000 l254
[  137.035069] acc_ctrlrequest 80.06 v0307 i0409 l255
[  137.035088] android_usb_accessory gadget: unknown class-specific control req 80.06 v0307 i0409 l255
[  137.054815] acc_ctrlrequest 80.06 v0300 i0000 l254
[  137.054844] android_usb_accessory gadget: unknown class-specific control req 80.06 v0300 i0000 l254
[  137.055071] acc_ctrlrequest 80.06 v0305 i0409 l255
[  137.055090] android_usb_accessory gadget: unknown class-specific control req 80.06 v0305 i0409 l255
[  137.055606] acc_ctrlrequest c0.33 v0000 i0000 l2
[  137.055623] android_usb_accessory gadget: unknown class-specific control req c0.33 v0000 i0000 l2
[  137.055638] acc_ctrlrequest c0.33 v0000 i0000 l2
[  137.055653] android_usb_accessory gadget: unknown class-specific control req c0.33 v0000 i0000 l2
[  137.057983] acc_ctrlrequest 80.06 v0300 i0000 l254
[  137.058003] android_usb_accessory gadget: unknown class-specific control req 80.06 v0300 i0000 l254
[  137.058551] acc_ctrlrequest 80.06 v0305 i0409 l255
[  137.058569] android_usb_accessory gadget: unknown class-specific control req 80.06 v0305 i0409 l255
[  137.058891] acc_ctrlrequest c0.33 v0000 i0000 l2
[  137.058907] android_usb_accessory gadget: unknown class-specific control req c0.33 v0000 i0000 l2
[  137.058920] acc_ctrlrequest c0.33 v0000 i0000 l2
[  137.058935] android_usb_accessory gadget: unknown class-specific control req c0.33 v0000 i0000 l2
[   72.005358] acc_ctrlrequest 80.06 v0305 i0409 l255
[   72.005379] android_usb_accessory gadget: unknown class-specific control req 80.06 v0305 i0409 l255
[   72.005714] acc_ctrlrequest 80.06 v0300 i0000 l254
[   72.005735] android_usb_accessory gadget: unknown class-specific control req 80.06 v0300 i0000 l254
[   72.005920] acc_ctrlrequest 80.06 v0306 i0409 l255
[   72.005940] android_usb_accessory gadget: unknown class-specific control req 80.06 v0306 i0409 l255
[   72.006200] acc_ctrlrequest 80.06 v0300 i0000 l254
[   72.006220] android_usb_accessory gadget: unknown class-specific control req 80.06 v0300 i0000 l254
[   72.006379] acc_ctrlrequest 80.06 v0307 i0409 l255
[   72.006399] android_usb_accessory gadget: unknown class-specific control req 80.06 v0307 i0409 l255
[   72.008248] android_work: sent uevent USB_STATE=CONFIGURED
[   72.025059] acc_ctrlrequest 80.06 v0300 i0000 l254
[   72.025088] android_usb_accessory gadget: unknown class-specific control req 80.06 v0300 i0000 l254
[   72.025824] acc_ctrlrequest 80.06 v0305 i0409 l255
[   72.025843] android_usb_accessory gadget: unknown class-specific control req 80.06 v0305 i0409 l255
[   72.026090] acc_ctrlrequest c0.33 v0000 i0000 l2
[   72.026107] android_usb_accessory gadget: unknown class-specific control req c0.33 v0000 i0000 l2
[   72.026122] acc_ctrlrequest c0.33 v0000 i0000 l2
[   72.026137] android_usb_accessory gadget: unknown class-specific control req c0.33 v0000 i0000 l2
[   72.028722] acc_ctrlrequest 80.06 v0300 i0000 l254
[   72.028746] android_usb_accessory gadget: unknown class-specific control req 80.06 v0300 i0000 l254
[   72.028934] acc_ctrlrequest 80.06 v0305 i0409 l255
[   72.028952] android_usb_accessory gadget: unknown class-specific control req 80.06 v0305 i0409 l255
[   72.029167] acc_ctrlrequest c0.33 v0000 i0000 l2
[   72.029183] android_usb_accessory gadget: unknown class-specific control req c0.33 v0000 i0000 l2
[   72.029198] acc_ctrlrequest c0.33 v0000 i0000 l2
[   72.029213] android_usb_accessory gadget: unknown class-specific control req c0.33 v0000 i0000 l2
[E]2025-08-15 23:08:30.976 159-75111450/ARMadb-driver[Accessory_fd]: Still not connect to AppServer!
[D]2025-08-15 23:08:31.157 159-76f9a000/ARMadb-driver[Accessory_fd]: fd_usb_accessory_wraper fd = 7
check_log_size: 256535 byte
[D]2025-08-15 23:08:40.977 159-75111450/ARMadb-driver[ConfigFileUtils]: is wince: 0
[W]2025-08-15 23:08:40.977 159-75111450/ARMadb-driver[Accessory_fd]: Need reset every time when timeout!!!
[   82.791799] android_usb_accessory gadget: acc_function_disable
[   82.791904] android_usb_accessory gadget: _acc_poll POLLHUP!
[E]2025-08-15 23:08:40.986 159-76f9a000/ARMadb-driver[RiddleDataExchangeUtils]: ClosedByPeer 4! 7
[D]2025-08-15 23:08:40.986 159-76f9a000/ARMadb-driver[Accessory_fd]: Accessory OnClosedByPeer
[   82.818182] android_usb: already disabled
[D]2025-08-15 23:08:41.13 159-76f9a000/ARMadb-driver[Accessory_fd]: Reset Accessory!!
[E]2025-08-15 23:08:41.15 159-76f9a000/ARMadb-driver[RiddleDataExchangeUtils]: ClosedByPeer 4! 12
[W]2025-08-15 23:08:41.16 159-76f9a000/ARMadb-driver[RiddleDataExchangeUtils]: ReadOne fail!!! err=9 cmd=Unkown RiddleHUDComand?(0) size=0 pid=1014 _fd=-1
[W]2025-08-15 23:08:41.16 159-76f9a000/ARMadb-driver[MiddleManInterface]: ClosedByPeer 3! -1
looper.Loop Quit! A
[D]2025-08-15 23:08:41.29 159-76111450/ARMadb-driver[Accessory_fd]: write_AV_Thread_   Quit Suc
[D]2025-08-15 23:08:41.47 159-76f9a000/ARMadb-driver[Accessory_fd]: OniPhoneWorkModeChanged: 0 0
[D]2025-08-15 23:08:41.48 159-76f9a000/ARMadb-driver[Accessory_fd]: OnAndroidWorkModeChanged: 0 0
[D]2025-08-15 23:08:41.148 159-76f9a000/ARMadb-driver[main]: AutoPlay Exited!!!
[   82.961324] android_usb: already disabled
[D]2025-08-15 23:08:41.157 159-76f9a000/ARMadb-driver[main]: HU Link Exit, restart
08-15 11:08:41.265144 PM [RiddleBluetoothService_Interface_Control] OnDbusSignal org.riddle.BluetoothControl:CancelAutoConnect
08-15 11:08:41.265339 PM [RiddleBluetoothService_Interface_Control] RiddleBluetoothService_Interface_Control::OnDbusMessage CancelAutoConnect
08-15 11:08:41.266500 PM [RiddleBluetoothService_Interface_Control] OnDbusSignal org.riddle.BluetoothControl:DisconnectRemoteDevice
08-15 11:08:41.266683 PM [RiddleBluetoothService_Interface_Control] RiddleBluetoothService_Interface_Control::OnDbusMessage DisconnectRemoteDevice
[E]2025-08-15 23:08:41.267 159-76f9a000/ARMadb-driver[Accessory_fd]: DisconnectPhoneConnection
[E]2025-08-15 23:08:41.267 159-76f9a000/ARMadb-driver[Accessory_fd]: No phone conneted, not need reset!!!
looper.Loop Quit! B
[E]2025-08-15 23:08:41.267 159-76f9a000/ARMadb-driver[RiddleDataExchangeUtils]: ClosedByPeer 4! 12
[W]2025-08-15 23:08:41.267 159-76f9a000/ARMadb-driver[RiddleDataExchangeUtils]: ReadOne fail!!! err=9 cmd=Unkown RiddleHUDComand?(0) size=0 pid=1014 _fd=-1
[W]2025-08-15 23:08:41.268 159-76f9a000/ARMadb-driver[MiddleManInterface]: ClosedByPeer 3! -1
looper.Loop Quit! C
[E]2025-08-15 23:08:41.268 159-76f9a000/ARMadb-driver[RiddleDataExchangeUtils]: ClosedByPeer 4! 12
[W]2025-08-15 23:08:41.269 159-76f9a000/ARMadb-driver[RiddleDataExchangeUtils]: ReadOne fail!!! err=9 cmd=Unkown RiddleHUDComand?(0) size=0 pid=1014 _fd=-1
[W]2025-08-15 23:08:41.269 159-76f9a000/ARMadb-driver[MiddleManInterface]: ClosedByPeer 3! -1
[D]2025-08-15 23:08:41.659 159-76f9a000/ARMadb-driver[main]: MiddleMan Proceess Exit, restart
[D]2025-08-15 23:08:41.663 159-76f9a000/ARMadb-driver[main]: Wait usb_monitor_pid Exit, restart
[D]2025-08-15 23:08:41.663 159-76f9a000/ARMadb-driver[main]: Not Check I2C!
[D]2025-08-15 23:08:41.665 159-76f9a000/ARMadb-driver[RiddlePlatform]: CheckBoxManuDateSign: 74908f594a6536c228495f481026af0a 74908f594a6536c228495f481026af0a
[D]2025-08-15 23:08:41.672 159-76f9a000/ARMadb-driver[main]: _hu_link_main start
cp: can't stat '/usr/lib/libBoxUI.so': No such file or directory
[D]2025-08-15 23:08:41.710 159-76f9a000/ARMadb-driver[RiddleDataExchangeUtils]: _create_unix_socket /var/run/adb-driver SUC
[D]2025-08-15 23:08:41.710 159-76f9a000/ARMadb-driver[BluetoothDaemonControler_fd]: BluetoothDaemonControler_fd::EnsureBluetoothUp
EnsureBluetoothUp
[D]2025-08-15 23:08:41.733 159-76111450/ARMadb-driver[Accessory_fd]: write_AV_Thread_   Start Suc
08-15 11:08:41.738521 PM [RiddleBluetoothService_Interface_Control] OnDbusSignal org.riddle.BluetoothControl:TestAlive
[D]2025-08-15 23:08:41.739 159-76f9a000/ARMadb-driver[Accessory_fd]: OnBluetoothDaemonOn
08-15 11:08:41.740458 PM [RiddleBluetoothService_Interface_Control] OnDbusSignal org.riddle.BluetoothControl:ListRemoteDevices
08-15 11:08:41.740641 PM [RiddleBluetoothService_Interface_Control] RiddleBluetoothService_Interface_Control::OnDbusMessage ListRemoteDevices
08-15 11:08:41.743747 PM [RiddleBluetoothService_Interface_Control] $$$ 0 bluetoothAddr=F0:04:E1:81:0E:06 devName = Matt
08-15 11:08:41.746749 PM [RiddleBluetoothService_Interface_Control] $$$ 0 bluetoothAddr=14:1B:A0:1E:DE:28 devName = lePhone
[D]2025-08-15 23:08:41.751 159-76f9a000/ARMadb-driver[BluetoothDaemonControler_fd]: DeviceList(2): 
14:1B:A0:1E:DE:28lePhone
F0:04:E1:81:0E:06Matt

[D]2025-08-15 23:08:41.751 159-76f9a000/ARMadb-driver[Accessory_fd]: _SendPhoneCommandToCar: SupportAutoConnect(1001)
08-15 11:08:41.762684 PM [RiddleBluetoothService_Interface_Control] OnDbusSignal org.riddle.BluetoothControl:Listen
08-15 11:08:41.762882 PM [RiddleBluetoothService_Interface_Control] RiddleBluetoothService_Interface_Control::OnDbusMessage Listen
08-15 11:08:41.763055 PM [RiddleBluetoothService_Interface_Control] StartListen_Inner beListened_ = 1
	name "AutoBox";
[D]2025-08-15 23:08:41.773 159-76911450/ARMadb-driver[RiddlePlatform]: Box bluetooth name: AutoBox is same as old, do nothing
ssid=AutoBox-76d4
[D]2025-08-15 23:08:41.796 159-76911450/ARMadb-driver[RiddlePlatform]: Box WiFi name: AutoBox-76d4 is same as old, do nothing
[D]2025-08-15 23:08:41.796 159-76911450/ARMadb-driver[Accessory_fd]: start wifi!!!
[W]2025-08-15 23:08:41.877 159-76f9a000/ARMadb-driver[RiddleDataExchangeUtils]: 		 $$$ 清除发送缓冲，因为fd已经不可用
[W]2025-08-15 23:08:41.877 159-76f9a000/ARMadb-driver[RiddleDataExchangeUtils]: 		 $$$ 清除发送缓冲，因为fd已经不可用
[W]2025-08-15 23:08:41.877 159-76f9a000/ARMadb-driver[RiddleDataExchangeUtils]: 		 $$$ 清除发送缓冲，因为fd已经不可用
[D]2025-08-15 23:08:41.882 159-76f9a000/ARMadb-driver[MiddleManInterface]: pid:1131 Control-InternalUse(30) connected, fd=6
[E]2025-08-15 23:08:41.883 159-76f9a000/ARMadb-driver[Accessory_fd]: Not Opened!!
[W]2025-08-15 23:08:41.883 159-76f9a000/ARMadb-driver[RiddleDataExchangeUtils]: 		 $$$ 清除发送缓冲，因为fd已经不可用
config wifi channel: 36, freq: 5180
5G wifi
channel=36
wpa_passphrase=12345678
hostapd runing.....
Set WLAN0 IP: 192.168.43 
Same IP, no need to reset
[   83.974100] android_usb: already disabled
udhcpd runing.....
[D]2025-08-15 23:08:42.734 159-75911450/ARMadb-driver[Accessory_fd]: _SendPhoneCommandToCar: DeviceWifiNotConnected(1010)
[W]2025-08-15 23:08:42.885 159-76f9a000/ARMadb-driver[RiddleDataExchangeUtils]: 		 $$$ 清除发送缓冲，因为fd已经不可用
[E]2025-08-15 23:08:43.734 159-75111450/ARMadb-driver[Accessory_fd]: Still not connect to AppServer!
storage_common 4659 1 g_android_accessory, Live 0x7f236000
g_android_accessory 71311 1 - Live 0x7f23c000
storage_common 4659 1 g_android_accessory, Live 0x7f236000
[   86.008657] android_enable_function: accessory
[   86.042720] [otg_statemachine]  OTG_STATE_B_PERIPHERAL:, 0 0 1
[   86.042743] [otg_statemachine]  quit statemachine, changed = 0
[   86.163037] android_work: sent uevent USB_STATE=DISCONNECTED
[   86.225238] acc_ctrlrequest 80.06 v0100 i0000 l64
[   86.225266] android_usb_accessory gadget: unknown class-specific control req 80.06 v0100 i0000 l64
[   86.225918] android_work: sent uevent USB_STATE=CONNECTED
[   86.235212] android_work: sent uevent USB_STATE=DISCONNECTED
[   86.301151] acc_ctrlrequest 80.06 v0100 i0000 l18
[   86.301180] android_usb_accessory gadget: unknown class-specific control req 80.06 v0100 i0000 l18
[   86.301361] acc_ctrlrequest 80.06 v0f00 i0000 l5
[   86.301380] android_usb_accessory gadget: unknown class-specific control req 80.06 v0f00 i0000 l5
[   86.301394] android_usb_accessory gadget: USB_DT_BOS response value: 5
[   86.301518] acc_ctrlrequest 80.06 v0f00 i0000 l22
[   86.301535] android_usb_accessory gadget: unknown class-specific control req 80.06 v0f00 i0000 l22
[   86.301549] android_usb_accessory gadget: USB_DT_BOS response value: 22
[   86.301848] acc_ctrlrequest 80.06 v0200 i0000 l9
[   86.301872] android_usb_accessory gadget: unknown class-specific control req 80.06 v0200 i0000 l9
[   86.302123] acc_ctrlrequest 80.06 v0200 i0000 l32
[   86.302145] android_usb_accessory gadget: unknown class-specific control req 80.06 v0200 i0000 l32
[   86.302236] android_work: sent uevent USB_STATE=CONNECTED
[   86.302287] acc_ctrlrequest 80.06 v0300 i0000 l255
[   86.302302] android_usb_accessory gadget: unknown class-specific control req 80.06 v0300 i0000 l255
[   86.302460] acc_ctrlrequest 80.06 v0304 i0409 l255
[   86.302478] android_usb_accessory gadget: unknown class-specific control req 80.06 v0304 i0409 l255
[   86.302646] acc_ctrlrequest 80.06 v0303 i0409 l255
[   86.302666] android_usb_accessory gadget: unknown class-specific control req 80.06 v0303 i0409 l255
[   86.302825] acc_ctrlrequest 80.06 v0305 i0409 l255
[   86.302844] android_usb_accessory gadget: unknown class-specific control req 80.06 v0305 i0409 l255
[   86.304821] acc_ctrlrequest 00.09 v0001 i0000 l0
[   86.304850] android_usb_accessory gadget: unknown class-specific control req 00.09 v0001 i0000 l0
[   86.304868] android_usb_accessory gadget: high-speed config #1: android_accessory
[   86.305096] acc_ctrlrequest 80.06 v0306 i0409 l255
[   86.305116] android_usb_accessory gadget: unknown class-specific control req 80.06 v0306 i0409 l255
[   86.305307] acc_ctrlrequest 80.06 v0307 i0409 l255
[   86.305325] android_usb_accessory gadget: unknown class-specific control req 80.06 v0307 i0409 l255
[   86.307375] acc_ctrlrequest 80.06 v0300 i0000 l254
[   86.307403] android_usb_accessory gadget: unknown class-specific control req 80.06 v0300 i0000 l254
[   86.307616] acc_ctrlrequest 80.06 v0303 i0409 l255
[   86.307636] android_usb_accessory gadget: unknown class-specific control req 80.06 v0303 i0409 l255
[   86.307912] acc_ctrlrequest 80.06 v0300 i0000 l254
[   86.307932] android_usb_accessory gadget: unknown class-specific control req 80.06 v0300 i0000 l254
[   86.308205] acc_ctrlrequest 80.06 v0304 i0409 l255
[   86.308225] android_usb_accessory gadget: unknown class-specific control req 80.06 v0304 i0409 l255
[   86.308721] acc_ctrlrequest 80.06 v0300 i0000 l254
[   86.308744] android_usb_accessory gadget: unknown class-specific control req 80.06 v0300 i0000 l254
[   86.308930] acc_ctrlrequest 80.06 v0305 i0409 l255
[   86.308949] android_usb_accessory gadget: unknown class-specific control req 80.06 v0305 i0409 l255
[   86.309449] acc_ctrlrequest 80.06 v0300 i0000 l254
[   86.309472] android_usb_accessory gadget: unknown class-specific control req 80.06 v0300 i0000 l254
[   86.309634] acc_ctrlrequest 80.06 v0303 i0409 l255
[   86.309653] android_usb_accessory gadget: unknown class-specific control req 80.06 v0303 i0409 l255
[   86.309944] acc_ctrlrequest 80.06 v0300 i0000 l254
[   86.309966] android_usb_accessory gadget: unknown class-specific control req 80.06 v0300 i0000 l254
[   86.310160] acc_ctrlrequest 80.06 v0304 i0409 l255
[   86.310179] android_usb_accessory gadget: unknown class-specific control req 80.06 v0304 i0409 l255
[   86.310484] acc_ctrlrequest 80.06 v0300 i0000 l254
[   86.310503] android_usb_accessory gadget: unknown class-specific control req 80.06 v0300 i0000 l254
[   86.310668] acc_ctrlrequest 80.06 v0305 i0409 l255
[   86.310685] android_usb_accessory gadget: unknown class-specific control req 80.06 v0305 i0409 l255
[   86.311192] acc_ctrlrequest 80.06 v0300 i0000 l254
[   86.311214] android_usb_accessory gadget: unknown class-specific control req 80.06 v0300 i0000 l254
[   86.311356] acc_ctrlrequest 80.06 v0306 i0409 l255
[   86.311375] android_usb_accessory gadget: unknown class-specific control req 80.06 v0306 i0409 l255
[   86.311714] acc_ctrlrequest 80.06 v0300 i0000 l254
[   86.311734] android_usb_accessory gadget: unknown class-specific control req 80.06 v0300 i0000 l254
[   86.311939] acc_ctrlrequest 80.06 v0307 i0409 l255
[   86.311957] android_usb_accessory gadget: unknown class-specific control req 80.06 v0307 i0409 l255
[   86.313148] android_work: sent uevent USB_STATE=CONFIGURED
[   86.342972] acc_ctrlrequest 80.06 v0300 i0000 l254
[   86.343002] android_usb_accessory gadget: unknown class-specific control req 80.06 v0300 i0000 l254
[   86.343167] acc_ctrlrequest 80.06 v0305 i0409 l255
[   86.343186] android_usb_accessory gadget: unknown class-specific control req 80.06 v0305 i0409 l255
[   86.343506] acc_ctrlrequest c0.33 v0000 i0000 l2
[   86.343524] android_usb_accessory gadget: unknown class-specific control req c0.33 v0000 i0000 l2
[   86.343537] acc_ctrlrequest c0.33 v0000 i0000 l2
[   86.343552] android_usb_accessory gadget: unknown class-specific control req c0.33 v0000 i0000 l2
[   86.345557] acc_ctrlrequest 80.06 v0300 i0000 l254
[   86.345573] android_usb_accessory gadget: unknown class-specific control req 80.06 v0300 i0000 l254
[   86.345716] acc_ctrlrequest 80.06 v0305 i0409 l255
[   86.345732] android_usb_accessory gadget: unknown class-specific control req 80.06 v0305 i0409 l255
[   86.346130] acc_ctrlrequest c0.33 v0000 i0000 l2
[   86.346146] android_usb_accessory gadget: unknown class-specific control req c0.33 v0000 i0000 l2
[   86.346160] acc_ctrlrequest c0.33 v0000 i0000 l2
[   86.346174] android_usb_accessory gadget: unknown class-specific control req c0.33 v0000 i0000 l2
[D]2025-08-15 23:08:44.888 159-76f9a000/ARMadb-driver[Accessory_fd]: fd_usb_accessory_wraper fd = 7
[D]2025-08-15 23:08:53.735 159-75111450/ARMadb-driver[ConfigFileUtils]: is wince: 0
[W]2025-08-15 23:08:53.735 159-75111450/ARMadb-driver[Accessory_fd]: Need reset every time when timeout!!!
[   95.549626] android_usb_accessory gadget: acc_function_disable
[   95.549730] android_usb_accessory gadget: _acc_poll POLLHUP!
[E]2025-08-15 23:08:53.744 159-76f9a000/ARMadb-driver[RiddleDataExchangeUtils]: ClosedByPeer 4! 7
[D]2025-08-15 23:08:53.744 159-76f9a000/ARMadb-driver[Accessory_fd]: Accessory OnClosedByPeer
[   95.575303] android_usb: already disabled
[D]2025-08-15 23:08:53.770 159-76f9a000/ARMadb-driver[Accessory_fd]: Reset Accessory!!
[E]2025-08-15 23:08:53.772 159-76f9a000/ARMadb-driver[RiddleDataExchangeUtils]: ClosedByPeer 4! 12
[W]2025-08-15 23:08:53.773 159-76f9a000/ARMadb-driver[RiddleDataExchangeUtils]: ReadOne fail!!! err=9 cmd=Unkown RiddleHUDComand?(0) size=0 pid=1150 _fd=-1
[W]2025-08-15 23:08:53.773 159-76f9a000/ARMadb-driver[MiddleManInterface]: ClosedByPeer 3! -1
looper.Loop Quit! A
[D]2025-08-15 23:08:53.787 159-76111450/ARMadb-driver[Accessory_fd]: write_AV_Thread_   Quit Suc
[D]2025-08-15 23:08:53.805 159-76f9a000/ARMadb-driver[Accessory_fd]: OniPhoneWorkModeChanged: 0 0
[D]2025-08-15 23:08:53.806 159-76f9a000/ARMadb-driver[Accessory_fd]: OnAndroidWorkModeChanged: 0 0
[D]2025-08-15 23:08:53.837 159-76f9a000/ARMadb-driver[main]: AutoPlay Exited!!!
[   95.650075] android_usb: already disabled
[D]2025-08-15 23:08:53.846 159-76f9a000/ARMadb-driver[main]: HU Link Exit, restart
08-15 11:08:54.023030 PM [RiddleBluetoothService_Interface_Control] OnDbusSignal org.riddle.BluetoothControl:CancelAutoConnect
08-15 11:08:54.023222 PM [RiddleBluetoothService_Interface_Control] RiddleBluetoothService_Interface_Control::OnDbusMessage CancelAutoConnect
08-15 11:08:54.024373 PM [RiddleBluetoothService_Interface_Control] OnDbusSignal org.riddle.BluetoothControl:DisconnectRemoteDevice
08-15 11:08:54.024556 PM [RiddleBluetoothService_Interface_Control] RiddleBluetoothService_Interface_Control::OnDbusMessage DisconnectRemoteDevice
[E]2025-08-15 23:08:54.25 159-76f9a000/ARMadb-driver[Accessory_fd]: DisconnectPhoneConnection
[E]2025-08-15 23:08:54.25 159-76f9a000/ARMadb-driver[Accessory_fd]: No phone conneted, not need reset!!!
looper.Loop Quit! B
[E]2025-08-15 23:08:54.25 159-76f9a000/ARMadb-driver[RiddleDataExchangeUtils]: ClosedByPeer 4! 12
[W]2025-08-15 23:08:54.25 159-76f9a000/ARMadb-driver[RiddleDataExchangeUtils]: ReadOne fail!!! err=9 cmd=Unkown RiddleHUDComand?(0) size=0 pid=1150 _fd=-1
[W]2025-08-15 23:08:54.25 159-76f9a000/ARMadb-driver[MiddleManInterface]: ClosedByPeer 3! -1
looper.Loop Quit! C
[E]2025-08-15 23:08:54.26 159-76f9a000/ARMadb-driver[RiddleDataExchangeUtils]: ClosedByPeer 4! 12
[W]2025-08-15 23:08:54.27 159-76f9a000/ARMadb-driver[RiddleDataExchangeUtils]: ReadOne fail!!! err=9 cmd=Unkown RiddleHUDComand?(0) size=0 pid=1150 _fd=-1
[W]2025-08-15 23:08:54.27 159-76f9a000/ARMadb-driver[MiddleManInterface]: ClosedByPeer 3! -1
[D]2025-08-15 23:08:54.348 159-76f9a000/ARMadb-driver[main]: MiddleMan Proceess Exit, restart
[D]2025-08-15 23:08:54.351 159-76f9a000/ARMadb-driver[main]: Wait usb_monitor_pid Exit, restart
[D]2025-08-15 23:08:54.352 159-76f9a000/ARMadb-driver[main]: Not Check I2C!
[D]2025-08-15 23:08:54.353 159-76f9a000/ARMadb-driver[RiddlePlatform]: CheckBoxManuDateSign: 74908f594a6536c228495f481026af0a 74908f594a6536c228495f481026af0a
[D]2025-08-15 23:08:54.362 159-76f9a000/ARMadb-driver[main]: _hu_link_main start
cp: can't stat '/usr/lib/libBoxUI.so': No such file or directory
[D]2025-08-15 23:08:54.398 159-76f9a000/ARMadb-driver[RiddleDataExchangeUtils]: _create_unix_socket /var/run/adb-driver SUC
[D]2025-08-15 23:08:54.399 159-76f9a000/ARMadb-driver[BluetoothDaemonControler_fd]: BluetoothDaemonControler_fd::EnsureBluetoothUp
EnsureBluetoothUp
[D]2025-08-15 23:08:54.407 159-76111450/ARMadb-driver[Accessory_fd]: write_AV_Thread_   Start Suc
	name "AutoBox";
08-15 11:08:54.436657 PM [RiddleBluetoothService_Interface_Control] OnDbusSignal org.riddle.BluetoothControl:TestAlive
[D]2025-08-15 23:08:54.437 159-76f9a000/ARMadb-driver[Accessory_fd]: OnBluetoothDaemonOn
08-15 11:08:54.438383 PM [RiddleBluetoothService_Interface_Control] OnDbusSignal org.riddle.BluetoothControl:ListRemoteDevices
08-15 11:08:54.438560 PM [RiddleBluetoothService_Interface_Control] RiddleBluetoothService_Interface_Control::OnDbusMessage ListRemoteDevices
08-15 11:08:54.441531 PM [RiddleBluetoothService_Interface_Control] $$$ 0 bluetoothAddr=F0:04:E1:81:0E:06 devName = Matt
08-15 11:08:54.444711 PM [RiddleBluetoothService_Interface_Control] $$$ 0 bluetoothAddr=14:1B:A0:1E:DE:28 devName = lePhone
[D]2025-08-15 23:08:54.448 159-76f9a000/ARMadb-driver[BluetoothDaemonControler_fd]: DeviceList(2): 
14:1B:A0:1E:DE:28lePhone
F0:04:E1:81:0E:06Matt

[D]2025-08-15 23:08:54.449 159-76f9a000/ARMadb-driver[Accessory_fd]: _SendPhoneCommandToCar: SupportAutoConnect(1001)
08-15 11:08:54.450170 PM [RiddleBluetoothService_Interface_Control] OnDbusSignal org.riddle.BluetoothControl:Listen
08-15 11:08:54.450349 PM [RiddleBluetoothService_Interface_Control] RiddleBluetoothService_Interface_Control::OnDbusMessage Listen
08-15 11:08:54.450511 PM [RiddleBluetoothService_Interface_Control] StartListen_Inner beListened_ = 1
[D]2025-08-15 23:08:54.455 159-76911450/ARMadb-driver[RiddlePlatform]: Box bluetooth name: AutoBox is same as old, do nothing
ssid=AutoBox-76d4
[D]2025-08-15 23:08:54.486 159-76911450/ARMadb-driver[RiddlePlatform]: Box WiFi name: AutoBox-76d4 is same as old, do nothing
[D]2025-08-15 23:08:54.486 159-76911450/ARMadb-driver[Accessory_fd]: start wifi!!!
[W]2025-08-15 23:08:54.568 159-76f9a000/ARMadb-driver[RiddleDataExchangeUtils]: 		 $$$ 清除发送缓冲，因为fd已经不可用
[W]2025-08-15 23:08:54.568 159-76f9a000/ARMadb-driver[RiddleDataExchangeUtils]: 		 $$$ 清除发送缓冲，因为fd已经不可用
[W]2025-08-15 23:08:54.568 159-76f9a000/ARMadb-driver[RiddleDataExchangeUtils]: 		 $$$ 清除发送缓冲，因为fd已经不可用
[D]2025-08-15 23:08:54.572 159-76f9a000/ARMadb-driver[MiddleManInterface]: pid:1242 Control-InternalUse(30) connected, fd=6
[E]2025-08-15 23:08:54.573 159-76f9a000/ARMadb-driver[Accessory_fd]: Not Opened!!
[W]2025-08-15 23:08:54.573 159-76f9a000/ARMadb-driver[RiddleDataExchangeUtils]: 		 $$$ 清除发送缓冲，因为fd已经不可用
config wifi channel: 36, freq: 5180
5G wifi
channel=36
wpa_passphrase=12345678
hostapd runing.....
Set WLAN0 IP: 192.168.43 
Same IP, no need to reset
[   96.669227] android_usb: already disabled
udhcpd runing.....
[D]2025-08-15 23:08:55.413 159-75911450/ARMadb-driver[Accessory_fd]: _SendPhoneCommandToCar: DeviceWifiNotConnected(1010)
[W]2025-08-15 23:08:55.575 159-76f9a000/ARMadb-driver[RiddleDataExchangeUtils]: 		 $$$ 清除发送缓冲，因为fd已经不可用
[E]2025-08-15 23:08:56.413 159-75111450/ARMadb-driver[Accessory_fd]: Still not connect to AppServer!
storage_common 4659 1 g_android_accessory, Live 0x7f236000
g_android_accessory 71311 1 - Live 0x7f23c000
storage_common 4659 1 g_android_accessory, Live 0x7f236000
[   98.711439] android_enable_function: accessory
[   98.742706] [otg_statemachine]  OTG_STATE_B_PERIPHERAL:, 0 0 1
[   98.742729] [otg_statemachine]  quit statemachine, changed = 0
[   98.834132] android_work: sent uevent USB_STATE=DISCONNECTED
[   98.896094] acc_ctrlrequest 80.06 v0100 i0000 l64
[   98.896122] android_usb_accessory gadget: unknown class-specific control req 80.06 v0100 i0000 l64
[   98.896780] android_work: sent uevent USB_STATE=CONNECTED
[   98.906042] android_work: sent uevent USB_STATE=DISCONNECTED
[   98.973013] acc_ctrlrequest 80.06 v0100 i0000 l18
[   98.973042] android_usb_accessory gadget: unknown class-specific control req 80.06 v0100 i0000 l18
[   98.973191] acc_ctrlrequest 80.06 v0f00 i0000 l5
[   98.973209] android_usb_accessory gadget: unknown class-specific control req 80.06 v0f00 i0000 l5
[   98.973221] android_usb_accessory gadget: USB_DT_BOS response value: 5
[   98.973338] acc_ctrlrequest 80.06 v0f00 i0000 l22
[   98.973355] android_usb_accessory gadget: unknown class-specific control req 80.06 v0f00 i0000 l22
[   98.973367] android_usb_accessory gadget: USB_DT_BOS response value: 22
[   98.973491] acc_ctrlrequest 80.06 v0200 i0000 l9
[   98.973507] android_usb_accessory gadget: unknown class-specific control req 80.06 v0200 i0000 l9
[   98.973657] acc_ctrlrequest 80.06 v0200 i0000 l32
[   98.973674] android_usb_accessory gadget: unknown class-specific control req 80.06 v0200 i0000 l32
[   98.974030] android_work: sent uevent USB_STATE=CONNECTED
[   98.974070] acc_ctrlrequest 80.06 v0300 i0000 l255
[   98.974084] android_usb_accessory gadget: unknown class-specific control req 80.06 v0300 i0000 l255
[   98.974223] acc_ctrlrequest 80.06 v0304 i0409 l255
[   98.974241] android_usb_accessory gadget: unknown class-specific control req 80.06 v0304 i0409 l255
[   98.974391] acc_ctrlrequest 80.06 v0303 i0409 l255
[   98.974408] android_usb_accessory gadget: unknown class-specific control req 80.06 v0303 i0409 l255
[   98.974642] acc_ctrlrequest 80.06 v0305 i0409 l255
[   98.974662] android_usb_accessory gadget: unknown class-specific control req 80.06 v0305 i0409 l255
[   98.979887] acc_ctrlrequest 00.09 v0001 i0000 l0
[   98.979917] android_usb_accessory gadget: unknown class-specific control req 00.09 v0001 i0000 l0
[   98.979934] android_usb_accessory gadget: high-speed config #1: android_accessory
[   98.980111] acc_ctrlrequest 80.06 v0306 i0409 l255
[   98.980128] android_usb_accessory gadget: unknown class-specific control req 80.06 v0306 i0409 l255
[   98.980348] acc_ctrlrequest 80.06 v0307 i0409 l255
[   98.980369] android_usb_accessory gadget: unknown class-specific control req 80.06 v0307 i0409 l255
[   98.984082] android_work: sent uevent USB_STATE=CONFIGURED
[   98.984198] acc_ctrlrequest 80.06 v0300 i0000 l254
[   98.984218] android_usb_accessory gadget: unknown class-specific control req 80.06 v0300 i0000 l254
[   98.984385] acc_ctrlrequest 80.06 v0303 i0409 l255
[   98.984402] android_usb_accessory gadget: unknown class-specific control req 80.06 v0303 i0409 l255
[   98.984680] acc_ctrlrequest 80.06 v0300 i0000 l254
[   98.984701] android_usb_accessory gadget: unknown class-specific control req 80.06 v0300 i0000 l254
[   98.984978] acc_ctrlrequest 80.06 v0304 i0409 l255
[   98.984997] android_usb_accessory gadget: unknown class-specific control req 80.06 v0304 i0409 l255
[   98.985337] acc_ctrlrequest 80.06 v0300 i0000 l254
[   98.985357] android_usb_accessory gadget: unknown class-specific control req 80.06 v0300 i0000 l254
[   98.985648] acc_ctrlrequest 80.06 v0305 i0409 l255
[   98.985669] android_usb_accessory gadget: unknown class-specific control req 80.06 v0305 i0409 l255
[   98.986208] acc_ctrlrequest 80.06 v0300 i0000 l254
[   98.986232] android_usb_accessory gadget: unknown class-specific control req 80.06 v0300 i0000 l254
[   98.986391] acc_ctrlrequest 80.06 v0303 i0409 l255
[   98.986410] android_usb_accessory gadget: unknown class-specific control req 80.06 v0303 i0409 l255
[   98.986693] acc_ctrlrequest 80.06 v0300 i0000 l254
[   98.986714] android_usb_accessory gadget: unknown class-specific control req 80.06 v0300 i0000 l254
[   98.986922] acc_ctrlrequest 80.06 v0304 i0409 l255
[   98.986941] android_usb_accessory gadget: unknown class-specific control req 80.06 v0304 i0409 l255
[   98.987251] acc_ctrlrequest 80.06 v0300 i0000 l254
[   98.987271] android_usb_accessory gadget: unknown class-specific control req 80.06 v0300 i0000 l254
[   98.987405] acc_ctrlrequest 80.06 v0305 i0409 l255
[   98.987425] android_usb_accessory gadget: unknown class-specific control req 80.06 v0305 i0409 l255
[   98.988380] acc_ctrlrequest 80.06 v0300 i0000 l254
[   98.988408] android_usb_accessory gadget: unknown class-specific control req 80.06 v0300 i0000 l254
[   98.988580] acc_ctrlrequest 80.06 v0306 i0409 l255
[   98.988601] android_usb_accessory gadget: unknown class-specific control req 80.06 v0306 i0409 l255
[   98.988926] acc_ctrlrequest 80.06 v0300 i0000 l254
[   98.988945] android_usb_accessory gadget: unknown class-specific control req 80.06 v0300 i0000 l254
[   98.989104] acc_ctrlrequest 80.06 v0307 i0409 l255
[   98.989121] android_usb_accessory gadget: unknown class-specific control req 80.06 v0307 i0409 l255
[   99.013625] acc_ctrlrequest 80.06 v0300 i0000 l254
[   99.013654] android_usb_accessory gadget: unknown class-specific control req 80.06 v0300 i0000 l254
[   99.013896] acc_ctrlrequest 80.06 v0305 i0409 l255
[   99.013913] android_usb_accessory gadget: unknown class-specific control req 80.06 v0305 i0409 l255
[   99.015181] acc_ctrlrequest c0.33 v0000 i0000 l2
[   99.015197] android_usb_accessory gadget: unknown class-specific control req c0.33 v0000 i0000 l2
[   99.015210] acc_ctrlrequest c0.33 v0000 i0000 l2
[   99.015226] android_usb_accessory gadget: unknown class-specific control req c0.33 v0000 i0000 l2
[   99.016091] acc_ctrlrequest 80.06 v0300 i0000 l254
[   99.016106] android_usb_accessory gadget: unknown class-specific control req 80.06 v0300 i0000 l254
[   99.016261] acc_ctrlrequest 80.06 v0305 i0409 l255
[   99.016278] android_usb_accessory gadget: unknown class-specific control req 80.06 v0305 i0409 l255
[   99.016469] acc_ctrlrequest c0.33 v0000 i0000 l2
[   99.016484] android_usb_accessory gadget: unknown class-specific control req c0.33 v0000 i0000 l2
[   99.016498] acc_ctrlrequest c0.33 v0000 i0000 l2
[   99.016513] android_usb_accessory gadget: unknown class-specific control req c0.33 v0000 i0000 l2
[D]2025-08-15 23:08:57.578 159-76f9a000/ARMadb-driver[Accessory_fd]: fd_usb_accessory_wraper fd = 7
192.168.43.100 - - [15/Aug/2025:23:09:03 +0000] "GET / HTTP/1.1" 200 0 "-" "Mozilla/5.0 (iPhone; CPU iPhone OS 18_6 like Mac OS X) AppleWebKit/605.1.15 (KHTML, like Gecko) Version/26.0 Mobile/15E148 Safari/604.1"
192.168.43.100 - - [15/Aug/2025:23:09:03 +0000] "GET /lang/zh-31a570681ce21d94c43d568445772529.js HTTP/1.1" 200 0 "http://192.168.43.1/" "Mozilla/5.0 (iPhone; CPU iPhone OS 18_6 like Mac OS X) AppleWebKit/605.1.15 (KHTML, like Gecko) Version/26.0 Mobile/15E148 Safari/604.1"
192.168.43.100 - - [15/Aug/2025:23:09:03 +0000] "GET /lang/tw-fafa63471414054a95d85a4be2f1e991.js HTTP/1.1" 200 0 "http://192.168.43.1/" "Mozilla/5.0 (iPhone; CPU iPhone OS 18_6 like Mac OS X) AppleWebKit/605.1.15 (KHTML, like Gecko) Version/26.0 Mobile/15E148 Safari/604.1"
192.168.43.100 - - [15/Aug/2025:23:09:03 +0000] "GET /lang/hu-ddda4d2e1f2a1c50e0f9fc02bc44eb52.js HTTP/1.1" 200 0 "http://192.168.43.1/" "Mozilla/5.0 (iPhone; CPU iPhone OS 18_6 like Mac OS X) AppleWebKit/605.1.15 (KHTML, like Gecko) Version/26.0 Mobile/15E148 Safari/604.1"
192.168.43.100 - - [15/Aug/2025:23:09:03 +0000] "GET /lang/en-70a02dab3b7811258ab7b870b686d489.js HTTP/1.1" 200 0 "http://192.168.43.1/" "Mozilla/5.0 (iPhone; CPU iPhone OS 18_6 like Mac OS X) AppleWebKit/605.1.15 (KHTML, like Gecko) Version/26.0 Mobile/15E148 Safari/604.1"
192.168.43.100 - - [15/Aug/2025:23:09:03 +0000] "GET /lang/ru-f48ca08db11f829263ac6e8432303dd7.js HTTP/1.1" 200 0 "http://192.168.43.1/" "Mozilla/5.0 (iPhone; CPU iPhone OS 18_6 like Mac OS X) AppleWebKit/605.1.15 (KHTML, like Gecko) Version/26.0 Mobile/15E148 Safari/604.1"
192.168.43.100 - - [15/Aug/2025:23:09:03 +0000] "GET /lang/ko-d877ff3b2bfe71f6ee0ef5193724b766.js HTTP/1.1" 200 0 "http://192.168.43.1/" "Mozilla/5.0 (iPhone; CPU iPhone OS 18_6 like Mac OS X) AppleWebKit/605.1.15 (KHTML, like Gecko) Version/26.0 Mobile/15E148 Safari/604.1"
192.168.43.100 - - [15/Aug/2025:23:09:03 +0000] "GET /js/chunk-76e91590.d82ef2c682dd15312d47.1735632235059.js HTTP/1.1" 200 98 "http://192.168.43.1/" "Mozilla/5.0 (iPhone; CPU iPhone OS 18_6 like Mac OS X) AppleWebKit/605.1.15 (KHTML, like Gecko) Version/26.0 Mobile/15E148 Safari/604.1"
192.168.43.100 - - [15/Aug/2025:23:09:03 +0000] "GET /static/css/chunk-76e91590.5b3201c2.css HTTP/1.1" 200 0 "http://192.168.43.1/" "Mozilla/5.0 (iPhone; CPU iPhone OS 18_6 like Mac OS X) AppleWebKit/605.1.15 (KHTML, like Gecko) Version/26.0 Mobile/15E148 Safari/604.1"
192.168.43.100 - - [15/Aug/2025:23:09:03 +0000] "GET /static/css/chunk-3df42f19.5fb81042.css HTTP/1.1" 200 0 "http://192.168.43.1/" "Mozilla/5.0 (iPhone; CPU iPhone OS 18_6 like Mac OS X) AppleWebKit/605.1.15 (KHTML, like Gecko) Version/26.0 Mobile/15E148 Safari/604.1"
192.168.43.100 - - [15/Aug/2025:23:09:03 +0000] "GET /js/chunk-3df42f19.d82ef2c682dd15312d47.1735632235059.js HTTP/1.1" 200 0 "http://192.168.43.1/" "Mozilla/5.0 (iPhone; CPU iPhone OS 18_6 like Mac OS X) AppleWebKit/605.1.15 (KHTML, like Gecko) Version/26.0 Mobile/15E148 Safari/604.1"
192.168.43.100 - - [15/Aug/2025:23:09:03 +0000] "GET /js/chunk-31333f04.d82ef2c682dd15312d47.1735632235059.js HTTP/1.1" 200 0 "http://192.168.43.1/" "Mozilla/5.0 (iPhone; CPU iPhone OS 18_6 like Mac OS X) AppleWebKit/605.1.15 (KHTML, like Gecko) Version/26.0 Mobile/15E148 Safari/604.1"
192.168.43.100 - - [15/Aug/2025:23:09:03 +0000] "GET /static/css/chunk-31333f04.a8a6b628.css HTTP/1.1" 200 0 "http://192.168.43.1/" "Mozilla/5.0 (iPhone; CPU iPhone OS 18_6 like Mac OS X) AppleWebKit/605.1.15 (KHTML, like Gecko) Version/26.0 Mobile/15E148 Safari/604.1"
192.168.43.100 - - [15/Aug/2025:23:09:03 +0000] "GET /static/img/update.3dd4897b.svg HTTP/1.1" 200 1627 "http://192.168.43.1/" "Mozilla/5.0 (iPhone; CPU iPhone OS 18_6 like Mac OS X) AppleWebKit/605.1.15 (KHTML, like Gecko) Version/26.0 Mobile/15E148 Safari/604.1"
192.168.43.100 - - [15/Aug/2025:23:09:03 +0000] "GET /static/img/rollback.1bce89a5.svg HTTP/1.1" 200 1738 "http://192.168.43.1/" "Mozilla/5.0 (iPhone; CPU iPhone OS 18_6 like Mac OS X) AppleWebKit/605.1.15 (KHTML, like Gecko) Version/26.0 Mobile/15E148 Safari/604.1"
192.168.43.100 - - [15/Aug/2025:23:09:03 +0000] "GET /static/img/verDel-blue.4bcf1bcb.svg HTTP/1.1" 200 713 "http://192.168.43.1/" "Mozilla/5.0 (iPhone; CPU iPhone OS 18_6 like Mac OS X) AppleWebKit/605.1.15 (KHTML, like Gecko) Version/26.0 Mobile/15E148 Safari/604.1"
192.168.43.100 - - [15/Aug/2025:23:09:03 +0000] "GET /static/img/UpgradeSucceeded.0a7754bd.svg HTTP/1.1" 200 1833 "http://192.168.43.1/" "Mozilla/5.0 (iPhone; CPU iPhone OS 18_6 like Mac OS X) AppleWebKit/605.1.15 (KHTML, like Gecko) Version/26.0 Mobile/15E148 Safari/604.1"
192.168.43.100 - - [15/Aug/2025:23:09:03 +0000] "GET /static/img/ring.e6c737be.svg HTTP/1.1" 200 1728 "http://192.168.43.1/" "Mozilla/5.0 (iPhone; CPU iPhone OS 18_6 like Mac OS X) AppleWebKit/605.1.15 (KHTML, like Gecko) Version/26.0 Mobile/15E148 Safari/604.1"
192.168.43.100 - - [15/Aug/2025:23:09:03 +0000] "GET /static/img/upgrade-fail.9b7c3d73.svg HTTP/1.1" 200 1823 "http://192.168.43.1/" "Mozilla/5.0 (iPhone; CPU iPhone OS 18_6 like Mac OS X) AppleWebKit/605.1.15 (KHTML, like Gecko) Version/26.0 Mobile/15E148 Safari/604.1"
192.168.43.100 - - [15/Aug/2025:23:09:03 +0000] "GET /static/img/rotate-1.50978b21.svg HTTP/1.1" 200 874 "http://192.168.43.1/" "Mozilla/5.0 (iPhone; CPU iPhone OS 18_6 like Mac OS X) AppleWebKit/605.1.15 (KHTML, like Gecko) Version/26.0 Mobile/15E148 Safari/604.1"
192.168.43.100 - - [15/Aug/2025:23:09:03 +0000] "GET /static/img/loading.c4e6e178.svg HTTP/1.1" 200 1181 "http://192.168.43.1/" "Mozilla/5.0 (iPhone; CPU iPhone OS 18_6 like Mac OS X) AppleWebKit/605.1.15 (KHTML, like Gecko) Version/26.0 Mobile/15E148 Safari/604.1"
192.168.43.100 - - [15/Aug/2025:23:09:03 +0000] "GET /static/img/audio.cf671e84.svg HTTP/1.1" 200 2628 "http://192.168.43.1/" "Mozilla/5.0 (iPhone; CPU iPhone OS 18_6 like Mac OS X) AppleWebKit/605.1.15 (KHTML, like Gecko) Version/26.0 Mobile/15E148 Safari/604.1"
192.168.43.100 - - [15/Aug/2025:23:09:03 +0000] "GET /static/img/feedback.a1fc804c.svg HTTP/1.1" 200 6562 "http://192.168.43.1/" "Mozilla/5.0 (iPhone; CPU iPhone OS 18_6 like Mac OS X) AppleWebKit/605.1.15 (KHTML, like Gecko) Version/26.0 Mobile/15E148 Safari/604.1"
192.168.43.100 - - [15/Aug/2025:23:09:03 +0000] "GET /static/img/ellipsis.1b385983.svg HTTP/1.1" 200 765 "http://192.168.43.1/" "Mozilla/5.0 (iPhone; CPU iPhone OS 18_6 like Mac OS X) AppleWebKit/605.1.15 (KHTML, like Gecko) Version/26.0 Mobile/15E148 Safari/604.1"
192.168.43.100 - - [15/Aug/2025:23:09:03 +0000] "GET /static/img/video.a02f6198.svg HTTP/1.1" 200 2176 "http://192.168.43.1/" "Mozilla/5.0 (iPhone; CPU iPhone OS 18_6 like Mac OS X) AppleWebKit/605.1.15 (KHTML, like Gecko) Version/26.0 Mobile/15E148 Safari/604.1"
192.168.43.100 - - [15/Aug/2025:23:09:03 +0000] "GET /static/img/otherSettings.f9b2ec8f.svg HTTP/1.1" 200 2800 "http://192.168.43.1/" "Mozilla/5.0 (iPhone; CPU iPhone OS 18_6 like Mac OS X) AppleWebKit/605.1.15 (KHTML, like Gecko) Version/26.0 Mobile/15E148 Safari/604.1"
192.168.43.100 - - [15/Aug/2025:23:09:03 +0000] "GET /static/img/boxInfo.5833bfc1.svg HTTP/1.1" 200 2179 "http://192.168.43.1/" "Mozilla/5.0 (iPhone; CPU iPhone OS 18_6 like Mac OS X) AppleWebKit/605.1.15 (KHTML, like Gecko) Version/26.0 Mobile/15E148 Safari/604.1"
192.168.43.100 - - [15/Aug/2025:23:09:03 +0000] "GET /static/img/carInfo.287abd8b.svg HTTP/1.1" 200 2230 "http://192.168.43.1/" "Mozilla/5.0 (iPhone; CPU iPhone OS 18_6 like Mac OS X) AppleWebKit/605.1.15 (KHTML, like Gecko) Version/26.0 Mobile/15E148 Safari/604.1"
192.168.43.100 - - [15/Aug/2025:23:09:03 +0000] "GET /static/img/deviceManagement.47d81bd7.svg HTTP/1.1" 200 2914 "http://192.168.43.1/" "Mozilla/5.0 (iPhone; CPU iPhone OS 18_6 like Mac OS X) AppleWebKit/605.1.15 (KHTML, like Gecko) Version/26.0 Mobile/15E148 Safari/604.1"
192.168.43.100 - - [15/Aug/2025:23:09:03 +0000] "GET /static/img/phone.2c41db6b.svg HTTP/1.1" 200 1804 "http://192.168.43.1/" "Mozilla/5.0 (iPhone; CPU iPhone OS 18_6 like Mac OS X) AppleWebKit/605.1.15 (KHTML, like Gecko) Version/26.0 Mobile/15E148 Safari/604.1"
192.168.43.100 - - [15/Aug/2025:23:09:03 +0000] "GET /static/img/car.b11319c1.svg HTTP/1.1" 200 3297 "http://192.168.43.1/" "Mozilla/5.0 (iPhone; CPU iPhone OS 18_6 like Mac OS X) AppleWebKit/605.1.15 (KHTML, like Gecko) Version/26.0 Mobile/15E148 Safari/604.1"
192.168.43.100 - - [15/Aug/2025:23:09:03 +0000] "GET /static/img/box.0e4e9a50.svg HTTP/1.1" 200 3682 "http://192.168.43.1/" "Mozilla/5.0 (iPhone; CPU iPhone OS 18_6 like Mac OS X) AppleWebKit/605.1.15 (KHTML, like Gecko) Version/26.0 Mobile/15E148 Safari/604.1"
[D]2025-08-15 23:09:03.345 1338-0/server.cgi[server]: recv cmd :infos  ts :1755270545277  sign :932e576261e609d835f43fda60517700
[D]2025-08-15 23:09:03.345 1338-0/server.cgi[server]: inBuf cmd=infos&ts=1755270545277HweL*@M@JEYUnvPw9G36MVB9X6u@2qxK 
[D]2025-08-15 23:09:03.373 1338-0/server.cgi[logic]: BOX_TMP_DATA_PHONE_LINK_TYPE = 0

[D]2025-08-15 23:09:03.373 1338-0/server.cgi[logic]: BOX_TMP_DATA_HU_LINK_TYPE = 0

[D]2025-08-15 23:09:03.374 1338-0/server.cgi[RiddlePlatform]: GetBoxWiFiChipType: 0xc822
 -- 6
[D]2025-08-15 23:09:03.375 1338-0/server.cgi[RiddlePlatform]: GetBoxWiFiChipType: 0xc822
 -- 6
[D]2025-08-15 23:09:03.389 1338-0/server.cgi[riddleCfg]: DevList : [{
		"id":	"14:1B:A0:1E:DE:28",
		"type":	"CarPlay",
		"name":	"lePhone",
		"index":	"1",
		"rfcomm":	"1"
	}, {
		"id":	"F0:04:E1:81:0E:06",
		"type":	"CarPlay",
		"name":	"Matt",
		"index":	"2",
		"rfcomm":	"1"
	}]
[D]2025-08-15 23:09:03.390 1338-0/server.cgi[riddleCfg]: LangList : []
[D]2025-08-15 23:09:03.390 1338-0/server.cgi[RiddlePlatform]: GetBoxWiFiChipType: 0xc822
 -- 6
[D]2025-08-15 23:09:03.390 1338-0/server.cgi[logic]: AppInfo: 
[D]2025-08-15 23:09:03.392 1338-0/server.cgi[server]: info : 
{
	"CarInfo":	{
		"brand":	"",
		"model":	"",
		"userid":	"",
		"year":	0,
		"screen":	"0x0",
		"gnss":	"",
		"screenFps":	"0",
		"screenSize":	"0x0",
		"huid":	""
	},
	"BoxInfo":	{
		"bt":	"AutoBox",
		"wifi":	"AutoBox-76d4",
		"boxName":	"",
		"MDLinkType":	"",
		"HULinkType":	"",
		"MDModel":	"",
		"MDOSVersion":	"",
		"MDLinkVersion":	"",
		"hardwareVer":	"YMA0-WR2C-0003",
		"ver":	"2025.02.25.1521",
		"cgiVer":	"Dec 31 2024 16:03:19",
		"mfd":	"20240119",
		"uuid":	"651ede982f0a99d7f9138131ec5819fe",
		"productType":	"A15W",
		"mac":	"00:e0:4c:98:0a:6c",
		"wifiChipType":	6,
		"customVer":	2,
		"customCode":	"",
		"fileName":	"A15W_Update.img",
		"boxType":	"YA",
		"logFileSuffix":	"YA15W",
		"tabId":	"",
		"code":	"IWqtGIfe6T9FXu2PMeYdrREsbkJOB75m",
		"needActive":	1
	},
	"Settings":	{
		"fps":	0,
		"gps":	1,
		"lang":	0,
		"bgMode":	0,
		"syncMode":	0,
		"startDelay":	0,
		"mediaDelay":	300,
		"mediaSound":	0,
		"autoConn":	1,
		"echoDelay":	320,
		"btCall":	0,
		"micGain":	0,
		"autoRefresh":	0,
		"displaySize":	3,
		"autoPlay":	0,
		"mouseMode":	0,
		"Udisk":	0,
		"bitRate":	0,
		"resolutionWidth":	2400,
		"resolutionHeight":	960,
		"ScreenDPI":	0,
		"KnobMode":	0,
		"NaviAudio":	0,
		"CallQuality":	1,
		"autoUpdate":	1,
		"wifi5GSwitch":	1,
		"wifiChannel":	36,
		"carLinkType":	30,
		"RepeatKeyFrame":	0,
		"BtAudio":	1,
		"MicMode":	0,
		"SpsPpsMode":	0,
		"MediaPacketLen":	200,
		"TtsPacketLen":	200,
		"VrPacketLen":	200,
		"TtsVolumGain":	0,
		"VrVolumGain":	0,
		"heartBeat":	1,
		"emptyFrame":	1,
		"micType":	0,
		"autoDisplay":	1,
		"connectedMode":	0,
		"transMode":	0,
		"returnMode":	0,
		"backRecording":	0,
		"fastConnect":	0,
		"improvedFluency":	0,
		"naviVolume":	0,
		"originalRes":	0
	},
	"DevList":	[{
			"id":	"14:1B:A0:1E:DE:28",
			"type":	"CarPlay",
			"name":	"lePhone",
			"index":	"1",
			"rfcomm":	"1"
		}, {
			"id":	"F0:04:E1:81:0E:06",
			"type":	"CarPlay",
			"name":	"Matt",
			"index":	"2",
			"rfcomm":	"1"
		}],
	"LangList":	[],
	"WifiChannelList":	[{
			"id":	1,
			"wifiFreq":	2412
		}, {
			"id":	2,
			"wifiFreq":	2417
		}, {
			"id":	3,
			"wifiFreq":	2422
		}, {
			"id":	4,
			"wifiFreq":	2427
		}, {
			"id":	5,
			"wifiFreq":	2432
		}, {
			"id":	6,
			"wifiFreq":	2437
		}, {
			"id":	7,
			"wifiFreq":	2442
		}, {
			"id":	36,
			"wifiFreq":	5180
		}, {
			"id":	40,
			"wifiFreq":	5200
		}, {
			"id":	44,
			"wifiFreq":	5220
		}, {
			"id":	149,
			"wifiFreq":	5745
		}, {
			"id":	157,
			"wifiFreq":	5785
		}, {
			"id":	161,
			"wifiFreq":	5805
		}]
}
[D]2025-08-15 23:09:03.393 1338-0/server.cgi[server]: response: {"CarInfo":{"brand":"","model":"","userid":"","year":0,"screen":"0x0","gnss":"","screenFps":"0","screenSize":"0x0","huid":""},"BoxInfo":{"bt":"AutoBox","wifi":"AutoBox-76d4","boxName":"","MDLinkType":"","HULinkType":"","MDModel":"","MDOSVersion":"","MDLinkVersion":"","hardwareVer":"YMA0-WR2C-0003","ver":"2025.02.25.1521","cgiVer":"Dec 31 2024 16:03:19","mfd":"20240119","uuid":"651ede982f0a99d7f9138131ec5819fe","productType":"A15W","mac":"00:e0:4c:98:0a:6c","wifiChipType":6,"customVer":2,"customCode":"","fileName":"A15W_Update.img","boxType":"YA","logFileSuffix":"YA15W","tabId":"","code":"IWqtGIfe6T9FXu2PMeYdrREsbkJOB75m","needActive":1},"Settings":{"fps":0,"gps":1,"lang":0,"bgMode":0,"syncMode":0,"startDelay":0,"mediaDelay":300,"mediaSound":0,"autoConn":1,"echoDelay":320,"btCall":0,"micGain":0,"autoRefresh":0,"displaySize":3,"autoPlay":0,"mouseMode":0,"Udisk":0,"bitRate":0,"resolutionWidth":2400,"resolutionHeight":960,"ScreenDPI":0,"KnobMode":0,"NaviAudio":0,"CallQuality":1,"autoUpdate":1,"wifi5GSwitch":1,"wifiChannel":36,"carLinkType":30,"RepeatKeyFrame":0,"BtAudio":1,"MicMode":0,"SpsPpsMode":0,"MediaPacketLen":200,"TtsPacketLen":200,"VrPacketLen":200,"TtsVolumGain":0,"VrVolumGain":0,"heartBeat":1,"emptyFrame":1,"micType":0,"autoDisplay":1,"connectedMode":0,"transMode":0,"returnMode":0,"backRecording":0,"fastConnect":0,"improvedFluency":0,"naviVolume":0,"originalRes":0},"DevList":[{"id":"14:1B:A0:1E:DE:28","type":"CarPlay","name":"lePhone","index":"1","rfcomm":"1"},{"id":"F0:04:E1:81:0E:06","type":"CarPlay","name":"Matt","index":"2","rfcomm":"1"}],"LangList":[],"WifiChannelList":[{"id":1,"wifiFreq":2412},{"id":2,"wifiFreq":2417},{"id":3,"wifiFreq":2422},{"id":4,"wifiFreq":2427},{"id":5,"wifiFreq":2432},{"id":6,"wifiFreq":2437},{"id":7,"wifiFreq":2442},{"id":36,"wifiFreq":5180},{"id":40,"wifiFreq":5200},{"id":44,"wifiFreq":5220},{"id":149,"wifiFreq":5745},{"id":157,"wifiFreq":5785},{"id":161,"wifiFreq":5805}]}
192.168.43.100 - - [15/Aug/2025:23:09:03 +0000] "POST /cgi-bin/server.cgi HTTP/1.1" 200 0 "http://192.168.43.1/" "Mozilla/5.0 (iPhone; CPU iPhone OS 18_6 like Mac OS X) AppleWebKit/605.1.15 (KHTML, like Gecko) Version/26.0 Mobile/15E148 Safari/604.1"
[D]2025-08-15 23:09:06.414 159-75111450/ARMadb-driver[ConfigFileUtils]: is wince: 0
[W]2025-08-15 23:09:06.414 159-75111450/ARMadb-driver[Accessory_fd]: Need reset every time when timeout!!!
[  108.228468] android_usb_accessory gadget: acc_function_disable
[  108.228563] android_usb_accessory gadget: _acc_poll POLLHUP!
[E]2025-08-15 23:09:06.423 159-76f9a000/ARMadb-driver[RiddleDataExchangeUtils]: ClosedByPeer 4! 7
[D]2025-08-15 23:09:06.423 159-76f9a000/ARMadb-driver[Accessory_fd]: Accessory OnClosedByPeer
[  108.252708] android_usb: already disabled
[D]2025-08-15 23:09:06.448 159-76f9a000/ARMadb-driver[Accessory_fd]: Reset Accessory!!
[E]2025-08-15 23:09:06.450 159-76f9a000/ARMadb-driver[RiddleDataExchangeUtils]: ClosedByPeer 4! 12
[W]2025-08-15 23:09:06.450 159-76f9a000/ARMadb-driver[RiddleDataExchangeUtils]: ReadOne fail!!! err=9 cmd=Unkown RiddleHUDComand?(0) size=0 pid=1261 _fd=-1
[W]2025-08-15 23:09:06.450 159-76f9a000/ARMadb-driver[MiddleManInterface]: ClosedByPeer 3! -1
looper.Loop Quit! A
[D]2025-08-15 23:09:06.465 159-76111450/ARMadb-driver[Accessory_fd]: write_AV_Thread_   Quit Suc
[D]2025-08-15 23:09:06.484 159-76f9a000/ARMadb-driver[Accessory_fd]: OniPhoneWorkModeChanged: 0 0
[D]2025-08-15 23:09:06.484 159-76f9a000/ARMadb-driver[Accessory_fd]: OnAndroidWorkModeChanged: 0 0
[D]2025-08-15 23:09:06.538 159-76f9a000/ARMadb-driver[main]: AutoPlay Exited!!!
[  108.351051] android_usb: already disabled
[D]2025-08-15 23:09:06.547 159-76f9a000/ARMadb-driver[main]: HU Link Exit, restart
08-15 11:09:06.701413 PM [RiddleBluetoothService_Interface_Control] OnDbusSignal org.riddle.BluetoothControl:CancelAutoConnect
08-15 11:09:06.701609 PM [RiddleBluetoothService_Interface_Control] RiddleBluetoothService_Interface_Control::OnDbusMessage CancelAutoConnect
08-15 11:09:06.702887 PM [RiddleBluetoothService_Interface_Control] OnDbusSignal org.riddle.BluetoothControl:DisconnectRemoteDevice
08-15 11:09:06.703073 PM [RiddleBluetoothService_Interface_Control] RiddleBluetoothService_Interface_Control::OnDbusMessage DisconnectRemoteDevice
[E]2025-08-15 23:09:06.703 159-76f9a000/ARMadb-driver[Accessory_fd]: DisconnectPhoneConnection
[E]2025-08-15 23:09:06.703 159-76f9a000/ARMadb-driver[Accessory_fd]: No phone conneted, not need reset!!!
looper.Loop Quit! B
[E]2025-08-15 23:09:06.704 159-76f9a000/ARMadb-driver[RiddleDataExchangeUtils]: ClosedByPeer 4! 12
[W]2025-08-15 23:09:06.704 159-76f9a000/ARMadb-driver[RiddleDataExchangeUtils]: ReadOne fail!!! err=9 cmd=Unkown RiddleHUDComand?(0) size=0 pid=1261 _fd=-1
[W]2025-08-15 23:09:06.704 159-76f9a000/ARMadb-driver[MiddleManInterface]: ClosedByPeer 3! -1
looper.Loop Quit! C
[E]2025-08-15 23:09:06.705 159-76f9a000/ARMadb-driver[RiddleDataExchangeUtils]: ClosedByPeer 4! 12
[W]2025-08-15 23:09:06.705 159-76f9a000/ARMadb-driver[RiddleDataExchangeUtils]: ReadOne fail!!! err=9 cmd=Unkown RiddleHUDComand?(0) size=0 pid=1261 _fd=-1
[W]2025-08-15 23:09:06.705 159-76f9a000/ARMadb-driver[MiddleManInterface]: ClosedByPeer 3! -1
check_log_size: 299129 byte
[D]2025-08-15 23:09:07.49 159-76f9a000/ARMadb-driver[main]: MiddleMan Proceess Exit, restart
[D]2025-08-15 23:09:07.52 159-76f9a000/ARMadb-driver[main]: Wait usb_monitor_pid Exit, restart
[D]2025-08-15 23:09:07.53 159-76f9a000/ARMadb-driver[main]: Not Check I2C!
[D]2025-08-15 23:09:07.54 159-76f9a000/ARMadb-driver[RiddlePlatform]: CheckBoxManuDateSign: 74908f594a6536c228495f481026af0a 74908f594a6536c228495f481026af0a
[D]2025-08-15 23:09:07.62 159-76f9a000/ARMadb-driver[main]: _hu_link_main start
cp: can't stat '/usr/lib/libBoxUI.so': No such file or directory
[D]2025-08-15 23:09:07.99 159-76f9a000/ARMadb-driver[RiddleDataExchangeUtils]: _create_unix_socket /var/run/adb-driver SUC
[D]2025-08-15 23:09:07.100 159-76f9a000/ARMadb-driver[BluetoothDaemonControler_fd]: BluetoothDaemonControler_fd::EnsureBluetoothUp
EnsureBluetoothUp
[D]2025-08-15 23:09:07.122 159-76111450/ARMadb-driver[Accessory_fd]: write_AV_Thread_   Start Suc
08-15 11:09:07.128628 PM [RiddleBluetoothService_Interface_Control] OnDbusSignal org.riddle.BluetoothControl:TestAlive
[D]2025-08-15 23:09:07.129 159-76f9a000/ARMadb-driver[Accessory_fd]: OnBluetoothDaemonOn
08-15 11:09:07.130321 PM [RiddleBluetoothService_Interface_Control] OnDbusSignal org.riddle.BluetoothControl:ListRemoteDevices
08-15 11:09:07.130506 PM [RiddleBluetoothService_Interface_Control] RiddleBluetoothService_Interface_Control::OnDbusMessage ListRemoteDevices
08-15 11:09:07.133566 PM [RiddleBluetoothService_Interface_Control] $$$ 0 bluetoothAddr=F0:04:E1:81:0E:06 devName = Matt
08-15 11:09:07.136579 PM [RiddleBluetoothService_Interface_Control] $$$ 0 bluetoothAddr=14:1B:A0:1E:DE:28 devName = lePhone
[D]2025-08-15 23:09:07.140 159-76f9a000/ARMadb-driver[BluetoothDaemonControler_fd]: DeviceList(2): 
14:1B:A0:1E:DE:28lePhone
F0:04:E1:81:0E:06Matt

[D]2025-08-15 23:09:07.141 159-76f9a000/ARMadb-driver[Accessory_fd]: _SendPhoneCommandToCar: SupportAutoConnect(1001)
	name "AutoBox";
08-15 11:09:07.152681 PM [RiddleBluetoothService_Interface_Control] OnDbusSignal org.riddle.BluetoothControl:Listen
08-15 11:09:07.152875 PM [RiddleBluetoothService_Interface_Control] RiddleBluetoothService_Interface_Control::OnDbusMessage Listen
08-15 11:09:07.153046 PM [RiddleBluetoothService_Interface_Control] StartListen_Inner beListened_ = 1
[D]2025-08-15 23:09:07.163 159-76911450/ARMadb-driver[RiddlePlatform]: Box bluetooth name: AutoBox is same as old, do nothing
ssid=AutoBox-76d4
[D]2025-08-15 23:09:07.194 159-76911450/ARMadb-driver[RiddlePlatform]: Box WiFi name: AutoBox-76d4 is same as old, do nothing
[D]2025-08-15 23:09:07.194 159-76911450/ARMadb-driver[Accessory_fd]: start wifi!!!
[W]2025-08-15 23:09:07.270 159-76f9a000/ARMadb-driver[RiddleDataExchangeUtils]: 		 $$$ 清除发送缓冲，因为fd已经不可用
[W]2025-08-15 23:09:07.270 159-76f9a000/ARMadb-driver[RiddleDataExchangeUtils]: 		 $$$ 清除发送缓冲，因为fd已经不可用
[W]2025-08-15 23:09:07.270 159-76f9a000/ARMadb-driver[RiddleDataExchangeUtils]: 		 $$$ 清除发送缓冲，因为fd已经不可用
[D]2025-08-15 23:09:07.272 159-76f9a000/ARMadb-driver[MiddleManInterface]: pid:1383 Control-InternalUse(30) connected, fd=6
[E]2025-08-15 23:09:07.282 159-76f9a000/ARMadb-driver[Accessory_fd]: Not Opened!!
[W]2025-08-15 23:09:07.283 159-76f9a000/ARMadb-driver[RiddleDataExchangeUtils]: 		 $$$ 清除发送缓冲，因为fd已经不可用
config wifi channel: 36, freq: 5180
5G wifi
channel=36
wpa_passphrase=12345678
hostapd runing.....
Set WLAN0 IP: 192.168.43 
Same IP, no need to reset
[  109.336257] android_usb: already disabled
udhcpd runing.....
[D]2025-08-15 23:09:08.124 159-75911450/ARMadb-driver[Accessory_fd]: _SendPhoneCommandToCar: DeviceWifiNotConnected(1010)
[W]2025-08-15 23:09:08.284 159-76f9a000/ARMadb-driver[RiddleDataExchangeUtils]: 		 $$$ 清除发送缓冲，因为fd已经不可用
[E]2025-08-15 23:09:09.124 159-75111450/ARMadb-driver[Accessory_fd]: Still not connect to AppServer!
storage_common 4659 1 g_android_accessory, Live 0x7f236000
g_android_accessory 71311 1 - Live 0x7f23c000
storage_common 4659 1 g_android_accessory, Live 0x7f236000
[  111.369582] android_enable_function: accessory
[  111.402697] [otg_statemachine]  OTG_STATE_B_PERIPHERAL:, 0 0 1
[  111.402719] [otg_statemachine]  quit statemachine, changed = 0
[  111.505602] android_work: sent uevent USB_STATE=DISCONNECTED
[  111.568987] acc_ctrlrequest 80.06 v0100 i0000 l64
[  111.569017] android_usb_accessory gadget: unknown class-specific control req 80.06 v0100 i0000 l64
[  111.569664] android_work: sent uevent USB_STATE=CONNECTED
[  111.578217] android_work: sent uevent USB_STATE=DISCONNECTED
[  111.647749] acc_ctrlrequest 80.06 v0100 i0000 l18
[  111.647777] android_usb_accessory gadget: unknown class-specific control req 80.06 v0100 i0000 l18
[  111.647964] acc_ctrlrequest 80.06 v0f00 i0000 l5
[  111.647983] android_usb_accessory gadget: unknown class-specific control req 80.06 v0f00 i0000 l5
[  111.647996] android_usb_accessory gadget: USB_DT_BOS response value: 5
[  111.648198] acc_ctrlrequest 80.06 v0f00 i0000 l22
[  111.648218] android_usb_accessory gadget: unknown class-specific control req 80.06 v0f00 i0000 l22
[  111.648233] android_usb_accessory gadget: USB_DT_BOS response value: 22
[  111.648397] acc_ctrlrequest 80.06 v0200 i0000 l9
[  111.648415] android_usb_accessory gadget: unknown class-specific control req 80.06 v0200 i0000 l9
[  111.648603] acc_ctrlrequest 80.06 v0200 i0000 l32
[  111.648625] android_usb_accessory gadget: unknown class-specific control req 80.06 v0200 i0000 l32
[  111.648840] android_work: sent uevent USB_STATE=CONNECTED
[  111.649180] acc_ctrlrequest 80.06 v0300 i0000 l255
[  111.649202] android_usb_accessory gadget: unknown class-specific control req 80.06 v0300 i0000 l255
[  111.649502] acc_ctrlrequest 80.06 v0304 i0409 l255
[  111.649523] android_usb_accessory gadget: unknown class-specific control req 80.06 v0304 i0409 l255
[  111.649710] acc_ctrlrequest 80.06 v0303 i0409 l255
[  111.649730] android_usb_accessory gadget: unknown class-specific control req 80.06 v0303 i0409 l255
[  111.649869] acc_ctrlrequest 80.06 v0305 i0409 l255
[  111.649888] android_usb_accessory gadget: unknown class-specific control req 80.06 v0305 i0409 l255
[  111.653423] acc_ctrlrequest 80.06 v0300 i0000 l254
[  111.653452] android_usb_accessory gadget: unknown class-specific control req 80.06 v0300 i0000 l254
[  111.655348] acc_ctrlrequest 80.06 v0303 i0409 l255
[  111.655375] android_usb_accessory gadget: unknown class-specific control req 80.06 v0303 i0409 l255
[  111.657783] acc_ctrlrequest 00.09 v0001 i0000 l0
[  111.657809] android_usb_accessory gadget: unknown class-specific control req 00.09 v0001 i0000 l0
[  111.657826] android_usb_accessory gadget: high-speed config #1: android_accessory
[  111.658882] android_work: sent uevent USB_STATE=CONFIGURED
[  111.660240] acc_ctrlrequest 80.06 v0306 i0409 l255
[  111.660270] android_usb_accessory gadget: unknown class-specific control req 80.06 v0306 i0409 l255
[  111.661181] acc_ctrlrequest 80.06 v0307 i0409 l255
[  111.661209] android_usb_accessory gadget: unknown class-specific control req 80.06 v0307 i0409 l255
[  111.665410] acc_ctrlrequest 80.06 v0300 i0000 l254
[  111.665440] android_usb_accessory gadget: unknown class-specific control req 80.06 v0300 i0000 l254
[  111.665604] acc_ctrlrequest 80.06 v0304 i0409 l255
[  111.665622] android_usb_accessory gadget: unknown class-specific control req 80.06 v0304 i0409 l255
[  111.666013] acc_ctrlrequest 80.06 v0300 i0000 l254
[  111.666036] android_usb_accessory gadget: unknown class-specific control req 80.06 v0300 i0000 l254
[  111.666565] acc_ctrlrequest 80.06 v0305 i0409 l255
[  111.666588] android_usb_accessory gadget: unknown class-specific control req 80.06 v0305 i0409 l255
[  111.667107] acc_ctrlrequest 80.06 v0300 i0000 l254
[  111.667130] android_usb_accessory gadget: unknown class-specific control req 80.06 v0300 i0000 l254
[  111.667303] acc_ctrlrequest 80.06 v0303 i0409 l255
[  111.667321] android_usb_accessory gadget: unknown class-specific control req 80.06 v0303 i0409 l255
[  111.667565] acc_ctrlrequest 80.06 v0300 i0000 l254
[  111.667586] android_usb_accessory gadget: unknown class-specific control req 80.06 v0300 i0000 l254
[  111.667738] acc_ctrlrequest 80.06 v0304 i0409 l255
[  111.667756] android_usb_accessory gadget: unknown class-specific control req 80.06 v0304 i0409 l255
[  111.668081] acc_ctrlrequest 80.06 v0300 i0000 l254
[  111.668104] android_usb_accessory gadget: unknown class-specific control req 80.06 v0300 i0000 l254
[  111.668247] acc_ctrlrequest 80.06 v0305 i0409 l255
[  111.668266] android_usb_accessory gadget: unknown class-specific control req 80.06 v0305 i0409 l255
[  111.668739] acc_ctrlrequest 80.06 v0300 i0000 l254
[  111.668762] android_usb_accessory gadget: unknown class-specific control req 80.06 v0300 i0000 l254
[  111.668975] acc_ctrlrequest 80.06 v0306 i0409 l255
[  111.668994] android_usb_accessory gadget: unknown class-specific control req 80.06 v0306 i0409 l255
[  111.669261] acc_ctrlrequest 80.06 v0300 i0000 l254
[  111.669280] android_usb_accessory gadget: unknown class-specific control req 80.06 v0300 i0000 l254
[  111.669425] acc_ctrlrequest 80.06 v0307 i0409 l255
[  111.669443] android_usb_accessory gadget: unknown class-specific control req 80.06 v0307 i0409 l255
[  111.712482] acc_ctrlrequest 80.06 v0300 i0000 l254
[  111.712511] android_usb_accessory gadget: unknown class-specific control req 80.06 v0300 i0000 l254
[  111.712711] acc_ctrlrequest 80.06 v0305 i0409 l255
[  111.712727] android_usb_accessory gadget: unknown class-specific control req 80.06 v0305 i0409 l255
[  111.712971] acc_ctrlrequest c0.33 v0000 i0000 l2
[  111.712988] android_usb_accessory gadget: unknown class-specific control req c0.33 v0000 i0000 l2
[  111.713002] acc_ctrlrequest c0.33 v0000 i0000 l2
[  111.713019] android_usb_accessory gadget: unknown class-specific control req c0.33 v0000 i0000 l2
[  111.714098] acc_ctrlrequest 80.06 v0300 i0000 l254
[  111.714114] android_usb_accessory gadget: unknown class-specific control req 80.06 v0300 i0000 l254
[  111.714539] acc_ctrlrequest 80.06 v0305 i0409 l255
[  111.714555] android_usb_accessory gadget: unknown class-specific control req 80.06 v0305 i0409 l255
[  111.714978] acc_ctrlrequest c0.33 v0000 i0000 l2
[  111.714992] android_usb_accessory gadget: unknown class-specific control req c0.33 v0000 i0000 l2
[  111.715005] acc_ctrlrequest c0.33 v0000 i0000 l2
[  111.715020] android_usb_accessory gadget: unknown class-specific control req c0.33 v0000 i0000 l2
[D]2025-08-15 23:09:10.287 159-76f9a000/ARMadb-driver[Accessory_fd]: fd_usb_accessory_wraper fd = 7
[D]2025-08-15 23:09:19.125 159-75111450/ARMadb-driver[ConfigFileUtils]: is wince: 0
[W]2025-08-15 23:09:19.125 159-75111450/ARMadb-driver[Accessory_fd]: Need reset every time when timeout!!!
[  120.939469] android_usb_accessory gadget: acc_function_disable
[  120.939573] android_usb_accessory gadget: _acc_poll POLLHUP!
[E]2025-08-15 23:09:19.134 159-76f9a000/ARMadb-driver[RiddleDataExchangeUtils]: ClosedByPeer 4! 7
[D]2025-08-15 23:09:19.134 159-76f9a000/ARMadb-driver[Accessory_fd]: Accessory OnClosedByPeer
[  120.966703] android_usb: already disabled
[D]2025-08-15 23:09:19.162 159-76f9a000/ARMadb-driver[Accessory_fd]: Reset Accessory!!
[E]2025-08-15 23:09:19.164 159-76f9a000/ARMadb-driver[RiddleDataExchangeUtils]: ClosedByPeer 4! 12
[W]2025-08-15 23:09:19.165 159-76f9a000/ARMadb-driver[RiddleDataExchangeUtils]: ReadOne fail!!! err=9 cmd=Unkown RiddleHUDComand?(0) size=0 pid=1402 _fd=-1
[W]2025-08-15 23:09:19.165 159-76f9a000/ARMadb-driver[MiddleManInterface]: ClosedByPeer 3! -1
looper.Loop Quit! A
[D]2025-08-15 23:09:19.176 159-76111450/ARMadb-driver[Accessory_fd]: write_AV_Thread_   Quit Suc
[D]2025-08-15 23:09:19.194 159-76f9a000/ARMadb-driver[Accessory_fd]: OniPhoneWorkModeChanged: 0 0
[D]2025-08-15 23:09:19.195 159-76f9a000/ARMadb-driver[Accessory_fd]: OnAndroidWorkModeChanged: 0 0
[D]2025-08-15 23:09:19.202 159-76f9a000/ARMadb-driver[main]: AutoPlay Exited!!!
[  121.016419] android_usb: already disabled
[D]2025-08-15 23:09:19.212 159-76f9a000/ARMadb-driver[main]: HU Link Exit, restart
08-15 11:09:19.414702 PM [RiddleBluetoothService_Interface_Control] OnDbusSignal org.riddle.BluetoothControl:CancelAutoConnect
08-15 11:09:19.414894 PM [RiddleBluetoothService_Interface_Control] RiddleBluetoothService_Interface_Control::OnDbusMessage CancelAutoConnect
08-15 11:09:19.416062 PM [RiddleBluetoothService_Interface_Control] OnDbusSignal org.riddle.BluetoothControl:DisconnectRemoteDevice
08-15 11:09:19.416245 PM [RiddleBluetoothService_Interface_Control] RiddleBluetoothService_Interface_Control::OnDbusMessage DisconnectRemoteDevice
[E]2025-08-15 23:09:19.416 159-76f9a000/ARMadb-driver[Accessory_fd]: DisconnectPhoneConnection
[E]2025-08-15 23:09:19.417 159-76f9a000/ARMadb-driver[Accessory_fd]: No phone conneted, not need reset!!!
looper.Loop Quit! B
[E]2025-08-15 23:09:19.417 159-76f9a000/ARMadb-driver[RiddleDataExchangeUtils]: ClosedByPeer 4! 12
[W]2025-08-15 23:09:19.417 159-76f9a000/ARMadb-driver[RiddleDataExchangeUtils]: ReadOne fail!!! err=9 cmd=Unkown RiddleHUDComand?(0) size=0 pid=1402 _fd=-1
[W]2025-08-15 23:09:19.417 159-76f9a000/ARMadb-driver[MiddleManInterface]: ClosedByPeer 3! -1
looper.Loop Quit! C
[E]2025-08-15 23:09:19.418 159-76f9a000/ARMadb-driver[RiddleDataExchangeUtils]: ClosedByPeer 4! 12
[W]2025-08-15 23:09:19.418 159-76f9a000/ARMadb-driver[RiddleDataExchangeUtils]: ReadOne fail!!! err=9 cmd=Unkown RiddleHUDComand?(0) size=0 pid=1402 _fd=-1
[W]2025-08-15 23:09:19.418 159-76f9a000/ARMadb-driver[MiddleManInterface]: ClosedByPeer 3! -1
[D]2025-08-15 23:09:19.714 159-76f9a000/ARMadb-driver[main]: MiddleMan Proceess Exit, restart
[D]2025-08-15 23:09:19.718 159-76f9a000/ARMadb-driver[main]: Wait usb_monitor_pid Exit, restart
[D]2025-08-15 23:09:19.718 159-76f9a000/ARMadb-driver[main]: Not Check I2C!
[D]2025-08-15 23:09:19.720 159-76f9a000/ARMadb-driver[RiddlePlatform]: CheckBoxManuDateSign: 74908f594a6536c228495f481026af0a 74908f594a6536c228495f481026af0a
[D]2025-08-15 23:09:19.722 159-76f9a000/ARMadb-driver[main]: _hu_link_main start
cp: can't stat '/usr/lib/libBoxUI.so': No such file or directory
[D]2025-08-15 23:09:19.795 159-76f9a000/ARMadb-driver[RiddleDataExchangeUtils]: _create_unix_socket /var/run/adb-driver SUC
[D]2025-08-15 23:09:19.796 159-76f9a000/ARMadb-driver[BluetoothDaemonControler_fd]: BluetoothDaemonControler_fd::EnsureBluetoothUp
EnsureBluetoothUp
[D]2025-08-15 23:09:19.798 159-76111450/ARMadb-driver[Accessory_fd]: write_AV_Thread_   Start Suc
08-15 11:09:19.814410 PM [RiddleBluetoothService_Interface_Control] OnDbusSignal org.riddle.BluetoothControl:TestAlive
[D]2025-08-15 23:09:19.815 159-76f9a000/ARMadb-driver[Accessory_fd]: OnBluetoothDaemonOn
08-15 11:09:19.816149 PM [RiddleBluetoothService_Interface_Control] OnDbusSignal org.riddle.BluetoothControl:ListRemoteDevices
08-15 11:09:19.816332 PM [RiddleBluetoothService_Interface_Control] RiddleBluetoothService_Interface_Control::OnDbusMessage ListRemoteDevices
08-15 11:09:19.819262 PM [RiddleBluetoothService_Interface_Control] $$$ 0 bluetoothAddr=F0:04:E1:81:0E:06 devName = Matt
08-15 11:09:19.824609 PM [RiddleBluetoothService_Interface_Control] $$$ 0 bluetoothAddr=14:1B:A0:1E:DE:28 devName = lePhone
[D]2025-08-15 23:09:19.835 159-76f9a000/ARMadb-driver[BluetoothDaemonControler_fd]: DeviceList(2): 
14:1B:A0:1E:DE:28lePhone
F0:04:E1:81:0E:06Matt

[D]2025-08-15 23:09:19.836 159-76f9a000/ARMadb-driver[Accessory_fd]: _SendPhoneCommandToCar: SupportAutoConnect(1001)
08-15 11:09:19.842901 PM [RiddleBluetoothService_Interface_Control] OnDbusSignal org.riddle.BluetoothControl:Listen
08-15 11:09:19.843107 PM [RiddleBluetoothService_Interface_Control] RiddleBluetoothService_Interface_Control::OnDbusMessage Listen
08-15 11:09:19.843281 PM [RiddleBluetoothService_Interface_Control] StartListen_Inner beListened_ = 1
	name "AutoBox";
[D]2025-08-15 23:09:19.850 159-76911450/ARMadb-driver[RiddlePlatform]: Box bluetooth name: AutoBox is same as old, do nothing
ssid=AutoBox-76d4
[D]2025-08-15 23:09:19.876 159-76911450/ARMadb-driver[RiddlePlatform]: Box WiFi name: AutoBox-76d4 is same as old, do nothing
[D]2025-08-15 23:09:19.877 159-76911450/ARMadb-driver[Accessory_fd]: start wifi!!!
[W]2025-08-15 23:09:19.936 159-76f9a000/ARMadb-driver[RiddleDataExchangeUtils]: 		 $$$ 清除发送缓冲，因为fd已经不可用
[W]2025-08-15 23:09:19.936 159-76f9a000/ARMadb-driver[RiddleDataExchangeUtils]: 		 $$$ 清除发送缓冲，因为fd已经不可用
[W]2025-08-15 23:09:19.936 159-76f9a000/ARMadb-driver[RiddleDataExchangeUtils]: 		 $$$ 清除发送缓冲，因为fd已经不可用
[D]2025-08-15 23:09:19.942 159-76f9a000/ARMadb-driver[MiddleManInterface]: pid:1487 Control-InternalUse(30) connected, fd=6
[E]2025-08-15 23:09:19.943 159-76f9a000/ARMadb-driver[Accessory_fd]: Not Opened!!
[W]2025-08-15 23:09:19.943 159-76f9a000/ARMadb-driver[RiddleDataExchangeUtils]: 		 $$$ 清除发送缓冲，因为fd已经不可用
config wifi channel: 36, freq: 5180
5G wifi
channel=36
wpa_passphrase=12345678
hostapd runing.....
Set WLAN0 IP: 192.168.43 
[  122.007110] android_usb: already disabled
Same IP, no need to reset
udhcpd runing.....
[D]2025-08-15 23:09:20.797 159-75911450/ARMadb-driver[Accessory_fd]: _SendPhoneCommandToCar: DeviceWifiNotConnected(1010)
[W]2025-08-15 23:09:20.945 159-76f9a000/ARMadb-driver[RiddleDataExchangeUtils]: 		 $$$ 清除发送缓冲，因为fd已经不可用
[E]2025-08-15 23:09:21.797 159-75111450/ARMadb-driver[Accessory_fd]: Still not connect to AppServer!
storage_common 4659 1 g_android_accessory, Live 0x7f236000
g_android_accessory 71311 1 - Live 0x7f23c000
storage_common 4659 1 g_android_accessory, Live 0x7f236000
[  124.040093] android_enable_function: accessory
[  124.072734] [otg_statemachine]  OTG_STATE_B_PERIPHERAL:, 0 0 1
[  124.072758] [otg_statemachine]  quit statemachine, changed = 0
[  124.178802] android_work: sent uevent USB_STATE=DISCONNECTED
[  124.241658] acc_ctrlrequest 80.06 v0100 i0000 l64
[  124.241687] android_usb_accessory gadget: unknown class-specific control req 80.06 v0100 i0000 l64
[  124.242327] android_work: sent uevent USB_STATE=CONNECTED
[  124.248230] android_work: sent uevent USB_STATE=DISCONNECTED
[  124.317503] acc_ctrlrequest 80.06 v0100 i0000 l18
[  124.317533] android_usb_accessory gadget: unknown class-specific control req 80.06 v0100 i0000 l18
[  124.317707] acc_ctrlrequest 80.06 v0f00 i0000 l5
[  124.317725] android_usb_accessory gadget: unknown class-specific control req 80.06 v0f00 i0000 l5
[  124.317740] android_usb_accessory gadget: USB_DT_BOS response value: 5
[  124.317860] acc_ctrlrequest 80.06 v0f00 i0000 l22
[  124.317877] android_usb_accessory gadget: unknown class-specific control req 80.06 v0f00 i0000 l22
[  124.317890] android_usb_accessory gadget: USB_DT_BOS response value: 22
[  124.318003] acc_ctrlrequest 80.06 v0200 i0000 l9
[  124.318021] android_usb_accessory gadget: unknown class-specific control req 80.06 v0200 i0000 l9
[  124.318153] acc_ctrlrequest 80.06 v0200 i0000 l32
[  124.318168] android_usb_accessory gadget: unknown class-specific control req 80.06 v0200 i0000 l32
[  124.318465] acc_ctrlrequest 80.06 v0300 i0000 l255
[  124.318490] android_usb_accessory gadget: unknown class-specific control req 80.06 v0300 i0000 l255
[  124.318622] acc_ctrlrequest 80.06 v0304 i0409 l255
[  124.318638] android_usb_accessory gadget: unknown class-specific control req 80.06 v0304 i0409 l255
[  124.318774] acc_ctrlrequest 80.06 v0303 i0409 l255
[  124.318792] android_usb_accessory gadget: unknown class-specific control req 80.06 v0303 i0409 l255
[  124.318841] android_work: sent uevent USB_STATE=CONNECTED
[  124.318918] acc_ctrlrequest 80.06 v0305 i0409 l255
[  124.318935] android_usb_accessory gadget: unknown class-specific control req 80.06 v0305 i0409 l255
[  124.326625] acc_ctrlrequest 00.09 v0001 i0000 l0
[  124.326655] android_usb_accessory gadget: unknown class-specific control req 00.09 v0001 i0000 l0
[  124.326672] android_usb_accessory gadget: high-speed config #1: android_accessory
[  124.326854] acc_ctrlrequest 80.06 v0306 i0409 l255
[  124.326873] android_usb_accessory gadget: unknown class-specific control req 80.06 v0306 i0409 l255
[  124.327049] acc_ctrlrequest 80.06 v0307 i0409 l255
[  124.327068] android_usb_accessory gadget: unknown class-specific control req 80.06 v0307 i0409 l255
[  124.328374] android_work: sent uevent USB_STATE=CONFIGURED
[  124.332471] acc_ctrlrequest 80.06 v0300 i0000 l254
[  124.332500] android_usb_accessory gadget: unknown class-specific control req 80.06 v0300 i0000 l254
[  124.332988] acc_ctrlrequest 80.06 v0303 i0409 l255
[  124.333012] android_usb_accessory gadget: unknown class-specific control req 80.06 v0303 i0409 l255
[  124.333283] acc_ctrlrequest 80.06 v0300 i0000 l254
[  124.333303] android_usb_accessory gadget: unknown class-specific control req 80.06 v0300 i0000 l254
[  124.333602] acc_ctrlrequest 80.06 v0304 i0409 l255
[  124.333624] android_usb_accessory gadget: unknown class-specific control req 80.06 v0304 i0409 l255
[  124.333904] acc_ctrlrequest 80.06 v0300 i0000 l254
[  124.333924] android_usb_accessory gadget: unknown class-specific control req 80.06 v0300 i0000 l254
[  124.334128] acc_ctrlrequest 80.06 v0305 i0409 l255
[  124.334147] android_usb_accessory gadget: unknown class-specific control req 80.06 v0305 i0409 l255
[  124.334792] acc_ctrlrequest 80.06 v0300 i0000 l254
[  124.334814] android_usb_accessory gadget: unknown class-specific control req 80.06 v0300 i0000 l254
[  124.334974] acc_ctrlrequest 80.06 v0303 i0409 l255
[  124.334993] android_usb_accessory gadget: unknown class-specific control req 80.06 v0303 i0409 l255
[  124.335202] acc_ctrlrequest 80.06 v0300 i0000 l254
[  124.335222] android_usb_accessory gadget: unknown class-specific control req 80.06 v0300 i0000 l254
[  124.335371] acc_ctrlrequest 80.06 v0304 i0409 l255
[  124.335389] android_usb_accessory gadget: unknown class-specific control req 80.06 v0304 i0409 l255
[  124.335764] acc_ctrlrequest 80.06 v0300 i0000 l254
[  124.335783] android_usb_accessory gadget: unknown class-specific control req 80.06 v0300 i0000 l254
[  124.336070] acc_ctrlrequest 80.06 v0305 i0409 l255
[  124.336090] android_usb_accessory gadget: unknown class-specific control req 80.06 v0305 i0409 l255
[  124.336485] acc_ctrlrequest 80.06 v0300 i0000 l254
[  124.336507] android_usb_accessory gadget: unknown class-specific control req 80.06 v0300 i0000 l254
[  124.337149] acc_ctrlrequest 80.06 v0306 i0409 l255
[  124.337170] android_usb_accessory gadget: unknown class-specific control req 80.06 v0306 i0409 l255
[  124.337935] acc_ctrlrequest 80.06 v0300 i0000 l254
[  124.337958] android_usb_accessory gadget: unknown class-specific control req 80.06 v0300 i0000 l254
[  124.338874] acc_ctrlrequest 80.06 v0307 i0409 l255
[  124.338898] android_usb_accessory gadget: unknown class-specific control req 80.06 v0307 i0409 l255
[  124.365637] acc_ctrlrequest 80.06 v0300 i0000 l254
[  124.365665] android_usb_accessory gadget: unknown class-specific control req 80.06 v0300 i0000 l254
[  124.365896] acc_ctrlrequest 80.06 v0305 i0409 l255
[  124.365913] android_usb_accessory gadget: unknown class-specific control req 80.06 v0305 i0409 l255
[  124.366307] acc_ctrlrequest c0.33 v0000 i0000 l2
[  124.366323] android_usb_accessory gadget: unknown class-specific control req c0.33 v0000 i0000 l2
[  124.366339] acc_ctrlrequest c0.33 v0000 i0000 l2
[  124.366354] android_usb_accessory gadget: unknown class-specific control req c0.33 v0000 i0000 l2
[  124.367645] acc_ctrlrequest 80.06 v0300 i0000 l254
[  124.367661] android_usb_accessory gadget: unknown class-specific control req 80.06 v0300 i0000 l254
[  124.367849] acc_ctrlrequest 80.06 v0305 i0409 l255
[  124.367865] android_usb_accessory gadget: unknown class-specific control req 80.06 v0305 i0409 l255
[  124.368088] acc_ctrlrequest c0.33 v0000 i0000 l2
[  124.368107] android_usb_accessory gadget: unknown class-specific control req c0.33 v0000 i0000 l2
[  124.368121] acc_ctrlrequest c0.33 v0000 i0000 l2
[  124.368135] android_usb_accessory gadget: unknown class-specific control req c0.33 v0000 i0000 l2
192.168.43.100 - - [15/Aug/2025:23:09:22 +0000] "GET / HTTP/1.1" 200 0 "-" "Mozilla/5.0 (iPhone; CPU iPhone OS 18_6 like Mac OS X) AppleWebKit/605.1.15 (KHTML, like Gecko) Version/26.0 Mobile/15E148 Safari/604.1"
192.168.43.100 - - [15/Aug/2025:23:09:22 +0000] "GET /lang/zh-31a570681ce21d94c43d568445772529.js HTTP/1.1" 200 0 "http://192.168.43.1/" "Mozilla/5.0 (iPhone; CPU iPhone OS 18_6 like Mac OS X) AppleWebKit/605.1.15 (KHTML, like Gecko) Version/26.0 Mobile/15E148 Safari/604.1"
192.168.43.100 - - [15/Aug/2025:23:09:22 +0000] "GET /lang/tw-fafa63471414054a95d85a4be2f1e991.js HTTP/1.1" 200 0 "http://192.168.43.1/" "Mozilla/5.0 (iPhone; CPU iPhone OS 18_6 like Mac OS X) AppleWebKit/605.1.15 (KHTML, like Gecko) Version/26.0 Mobile/15E148 Safari/604.1"
192.168.43.100 - - [15/Aug/2025:23:09:22 +0000] "GET /lang/en-70a02dab3b7811258ab7b870b686d489.js HTTP/1.1" 200 0 "http://192.168.43.1/" "Mozilla/5.0 (iPhone; CPU iPhone OS 18_6 like Mac OS X) AppleWebKit/605.1.15 (KHTML, like Gecko) Version/26.0 Mobile/15E148 Safari/604.1"
192.168.43.100 - - [15/Aug/2025:23:09:22 +0000] "GET /lang/hu-ddda4d2e1f2a1c50e0f9fc02bc44eb52.js HTTP/1.1" 200 0 "http://192.168.43.1/" "Mozilla/5.0 (iPhone; CPU iPhone OS 18_6 like Mac OS X) AppleWebKit/605.1.15 (KHTML, like Gecko) Version/26.0 Mobile/15E148 Safari/604.1"
192.168.43.100 - - [15/Aug/2025:23:09:22 +0000] "GET /lang/ko-d877ff3b2bfe71f6ee0ef5193724b766.js HTTP/1.1" 200 0 "http://192.168.43.1/" "Mozilla/5.0 (iPhone; CPU iPhone OS 18_6 like Mac OS X) AppleWebKit/605.1.15 (KHTML, like Gecko) Version/26.0 Mobile/15E148 Safari/604.1"
192.168.43.100 - - [15/Aug/2025:23:09:22 +0000] "GET /lang/ru-f48ca08db11f829263ac6e8432303dd7.js HTTP/1.1" 200 0 "http://192.168.43.1/" "Mozilla/5.0 (iPhone; CPU iPhone OS 18_6 like Mac OS X) AppleWebKit/605.1.15 (KHTML, like Gecko) Version/26.0 Mobile/15E148 Safari/604.1"
192.168.43.100 - - [15/Aug/2025:23:09:22 +0000] "GET /static/css/chunk-76e91590.5b3201c2.css HTTP/1.1" 200 0 "http://192.168.43.1/" "Mozilla/5.0 (iPhone; CPU iPhone OS 18_6 like Mac OS X) AppleWebKit/605.1.15 (KHTML, like Gecko) Version/26.0 Mobile/15E148 Safari/604.1"
192.168.43.100 - - [15/Aug/2025:23:09:22 +0000] "GET /js/chunk-76e91590.d82ef2c682dd15312d47.1735632235059.js HTTP/1.1" 200 98 "http://192.168.43.1/" "Mozilla/5.0 (iPhone; CPU iPhone OS 18_6 like Mac OS X) AppleWebKit/605.1.15 (KHTML, like Gecko) Version/26.0 Mobile/15E148 Safari/604.1"
192.168.43.100 - - [15/Aug/2025:23:09:22 +0000] "GET /js/chunk-3df42f19.d82ef2c682dd15312d47.1735632235059.js HTTP/1.1" 200 0 "http://192.168.43.1/" "Mozilla/5.0 (iPhone; CPU iPhone OS 18_6 like Mac OS X) AppleWebKit/605.1.15 (KHTML, like Gecko) Version/26.0 Mobile/15E148 Safari/604.1"
192.168.43.100 - - [15/Aug/2025:23:09:22 +0000] "GET /static/css/chunk-3df42f19.5fb81042.css HTTP/1.1" 200 0 "http://192.168.43.1/" "Mozilla/5.0 (iPhone; CPU iPhone OS 18_6 like Mac OS X) AppleWebKit/605.1.15 (KHTML, like Gecko) Version/26.0 Mobile/15E148 Safari/604.1"
192.168.43.100 - - [15/Aug/2025:23:09:22 +0000] "GET /static/css/chunk-31333f04.a8a6b628.css HTTP/1.1" 200 0 "http://192.168.43.1/" "Mozilla/5.0 (iPhone; CPU iPhone OS 18_6 like Mac OS X) AppleWebKit/605.1.15 (KHTML, like Gecko) Version/26.0 Mobile/15E148 Safari/604.1"
192.168.43.100 - - [15/Aug/2025:23:09:22 +0000] "GET /js/chunk-31333f04.d82ef2c682dd15312d47.1735632235059.js HTTP/1.1" 200 0 "http://192.168.43.1/" "Mozilla/5.0 (iPhone; CPU iPhone OS 18_6 like Mac OS X) AppleWebKit/605.1.15 (KHTML, like Gecko) Version/26.0 Mobile/15E148 Safari/604.1"
[D]2025-08-15 23:09:22.948 159-76f9a000/ARMadb-driver[Accessory_fd]: fd_usb_accessory_wraper fd = 7
192.168.43.100 - - [15/Aug/2025:23:09:23 +0000] "GET /static/img/update.3dd4897b.svg HTTP/1.1" 200 1627 "http://192.168.43.1/" "Mozilla/5.0 (iPhone; CPU iPhone OS 18_6 like Mac OS X) AppleWebKit/605.1.15 (KHTML, like Gecko) Version/26.0 Mobile/15E148 Safari/604.1"
192.168.43.100 - - [15/Aug/2025:23:09:23 +0000] "GET /static/img/rollback.1bce89a5.svg HTTP/1.1" 200 1738 "http://192.168.43.1/" "Mozilla/5.0 (iPhone; CPU iPhone OS 18_6 like Mac OS X) AppleWebKit/605.1.15 (KHTML, like Gecko) Version/26.0 Mobile/15E148 Safari/604.1"
192.168.43.100 - - [15/Aug/2025:23:09:23 +0000] "GET /static/img/UpgradeSucceeded.0a7754bd.svg HTTP/1.1" 200 1833 "http://192.168.43.1/" "Mozilla/5.0 (iPhone; CPU iPhone OS 18_6 like Mac OS X) AppleWebKit/605.1.15 (KHTML, like Gecko) Version/26.0 Mobile/15E148 Safari/604.1"
192.168.43.100 - - [15/Aug/2025:23:09:23 +0000] "GET /static/img/loading.c4e6e178.svg HTTP/1.1" 200 1181 "http://192.168.43.1/" "Mozilla/5.0 (iPhone; CPU iPhone OS 18_6 like Mac OS X) AppleWebKit/605.1.15 (KHTML, like Gecko) Version/26.0 Mobile/15E148 Safari/604.1"
192.168.43.100 - - [15/Aug/2025:23:09:23 +0000] "GET /static/img/ring.e6c737be.svg HTTP/1.1" 200 1728 "http://192.168.43.1/" "Mozilla/5.0 (iPhone; CPU iPhone OS 18_6 like Mac OS X) AppleWebKit/605.1.15 (KHTML, like Gecko) Version/26.0 Mobile/15E148 Safari/604.1"
192.168.43.100 - - [15/Aug/2025:23:09:23 +0000] "GET /static/img/verDel-blue.4bcf1bcb.svg HTTP/1.1" 200 713 "http://192.168.43.1/" "Mozilla/5.0 (iPhone; CPU iPhone OS 18_6 like Mac OS X) AppleWebKit/605.1.15 (KHTML, like Gecko) Version/26.0 Mobile/15E148 Safari/604.1"
192.168.43.100 - - [15/Aug/2025:23:09:23 +0000] "GET /static/img/rotate-1.50978b21.svg HTTP/1.1" 200 874 "http://192.168.43.1/" "Mozilla/5.0 (iPhone; CPU iPhone OS 18_6 like Mac OS X) AppleWebKit/605.1.15 (KHTML, like Gecko) Version/26.0 Mobile/15E148 Safari/604.1"
192.168.43.100 - - [15/Aug/2025:23:09:23 +0000] "GET /static/img/upgrade-fail.9b7c3d73.svg HTTP/1.1" 200 1823 "http://192.168.43.1/" "Mozilla/5.0 (iPhone; CPU iPhone OS 18_6 like Mac OS X) AppleWebKit/605.1.15 (KHTML, like Gecko) Version/26.0 Mobile/15E148 Safari/604.1"
192.168.43.100 - - [15/Aug/2025:23:09:23 +0000] "GET /static/img/audio.cf671e84.svg HTTP/1.1" 200 2628 "http://192.168.43.1/" "Mozilla/5.0 (iPhone; CPU iPhone OS 18_6 like Mac OS X) AppleWebKit/605.1.15 (KHTML, like Gecko) Version/26.0 Mobile/15E148 Safari/604.1"
192.168.43.100 - - [15/Aug/2025:23:09:23 +0000] "GET /static/img/ellipsis.1b385983.svg HTTP/1.1" 200 765 "http://192.168.43.1/" "Mozilla/5.0 (iPhone; CPU iPhone OS 18_6 like Mac OS X) AppleWebKit/605.1.15 (KHTML, like Gecko) Version/26.0 Mobile/15E148 Safari/604.1"
192.168.43.100 - - [15/Aug/2025:23:09:23 +0000] "GET /static/img/feedback.a1fc804c.svg HTTP/1.1" 200 6562 "http://192.168.43.1/" "Mozilla/5.0 (iPhone; CPU iPhone OS 18_6 like Mac OS X) AppleWebKit/605.1.15 (KHTML, like Gecko) Version/26.0 Mobile/15E148 Safari/604.1"
192.168.43.100 - - [15/Aug/2025:23:09:23 +0000] "GET /static/img/video.a02f6198.svg HTTP/1.1" 200 2176 "http://192.168.43.1/" "Mozilla/5.0 (iPhone; CPU iPhone OS 18_6 like Mac OS X) AppleWebKit/605.1.15 (KHTML, like Gecko) Version/26.0 Mobile/15E148 Safari/604.1"
192.168.43.100 - - [15/Aug/2025:23:09:23 +0000] "GET /static/img/otherSettings.f9b2ec8f.svg HTTP/1.1" 200 2800 "http://192.168.43.1/" "Mozilla/5.0 (iPhone; CPU iPhone OS 18_6 like Mac OS X) AppleWebKit/605.1.15 (KHTML, like Gecko) Version/26.0 Mobile/15E148 Safari/604.1"
192.168.43.100 - - [15/Aug/2025:23:09:23 +0000] "GET /static/img/carInfo.287abd8b.svg HTTP/1.1" 200 2230 "http://192.168.43.1/" "Mozilla/5.0 (iPhone; CPU iPhone OS 18_6 like Mac OS X) AppleWebKit/605.1.15 (KHTML, like Gecko) Version/26.0 Mobile/15E148 Safari/604.1"
192.168.43.100 - - [15/Aug/2025:23:09:23 +0000] "GET /static/img/boxInfo.5833bfc1.svg HTTP/1.1" 200 2179 "http://192.168.43.1/" "Mozilla/5.0 (iPhone; CPU iPhone OS 18_6 like Mac OS X) AppleWebKit/605.1.15 (KHTML, like Gecko) Version/26.0 Mobile/15E148 Safari/604.1"
192.168.43.100 - - [15/Aug/2025:23:09:23 +0000] "GET /static/img/deviceManagement.47d81bd7.svg HTTP/1.1" 200 2914 "http://192.168.43.1/" "Mozilla/5.0 (iPhone; CPU iPhone OS 18_6 like Mac OS X) AppleWebKit/605.1.15 (KHTML, like Gecko) Version/26.0 Mobile/15E148 Safari/604.1"
192.168.43.100 - - [15/Aug/2025:23:09:23 +0000] "GET /static/img/car.b11319c1.svg HTTP/1.1" 200 3297 "http://192.168.43.1/" "Mozilla/5.0 (iPhone; CPU iPhone OS 18_6 like Mac OS X) AppleWebKit/605.1.15 (KHTML, like Gecko) Version/26.0 Mobile/15E148 Safari/604.1"
192.168.43.100 - - [15/Aug/2025:23:09:23 +0000] "GET /static/img/box.0e4e9a50.svg HTTP/1.1" 200 3682 "http://192.168.43.1/" "Mozilla/5.0 (iPhone; CPU iPhone OS 18_6 like Mac OS X) AppleWebKit/605.1.15 (KHTML, like Gecko) Version/26.0 Mobile/15E148 Safari/604.1"
192.168.43.100 - - [15/Aug/2025:23:09:23 +0000] "GET /static/img/phone.2c41db6b.svg HTTP/1.1" 200 1804 "http://192.168.43.1/" "Mozilla/5.0 (iPhone; CPU iPhone OS 18_6 like Mac OS X) AppleWebKit/605.1.15 (KHTML, like Gecko) Version/26.0 Mobile/15E148 Safari/604.1"
[D]2025-08-15 23:09:23.79 1561-0/server.cgi[server]: recv cmd :infos  ts :1755270564999  sign :4604beb629705228a091b18a4dc71084
[D]2025-08-15 23:09:23.79 1561-0/server.cgi[server]: inBuf cmd=infos&ts=1755270564999HweL*@M@JEYUnvPw9G36MVB9X6u@2qxK 
[D]2025-08-15 23:09:23.107 1561-0/server.cgi[logic]: BOX_TMP_DATA_PHONE_LINK_TYPE = 0

[D]2025-08-15 23:09:23.107 1561-0/server.cgi[logic]: BOX_TMP_DATA_HU_LINK_TYPE = 0

[D]2025-08-15 23:09:23.108 1561-0/server.cgi[RiddlePlatform]: GetBoxWiFiChipType: 0xc822
 -- 6
[D]2025-08-15 23:09:23.109 1561-0/server.cgi[RiddlePlatform]: GetBoxWiFiChipType: 0xc822
 -- 6
[D]2025-08-15 23:09:23.124 1561-0/server.cgi[riddleCfg]: DevList : [{
		"id":	"14:1B:A0:1E:DE:28",
		"type":	"CarPlay",
		"name":	"lePhone",
		"index":	"1",
		"rfcomm":	"1"
	}, {
		"id":	"F0:04:E1:81:0E:06",
		"type":	"CarPlay",
		"name":	"Matt",
		"index":	"2",
		"rfcomm":	"1"
	}]
[D]2025-08-15 23:09:23.125 1561-0/server.cgi[riddleCfg]: LangList : []
[D]2025-08-15 23:09:23.125 1561-0/server.cgi[RiddlePlatform]: GetBoxWiFiChipType: 0xc822
 -- 6
[D]2025-08-15 23:09:23.125 1561-0/server.cgi[logic]: AppInfo: 
[D]2025-08-15 23:09:23.127 1561-0/server.cgi[server]: info : 
{
	"CarInfo":	{
		"brand":	"",
		"model":	"",
		"userid":	"",
		"year":	0,
		"screen":	"0x0",
		"gnss":	"",
		"screenFps":	"0",
		"screenSize":	"0x0",
		"huid":	""
	},
	"BoxInfo":	{
		"bt":	"AutoBox",
		"wifi":	"AutoBox-76d4",
		"boxName":	"",
		"MDLinkType":	"",
		"HULinkType":	"",
		"MDModel":	"",
		"MDOSVersion":	"",
		"MDLinkVersion":	"",
		"hardwareVer":	"YMA0-WR2C-0003",
		"ver":	"2025.02.25.1521",
		"cgiVer":	"Dec 31 2024 16:03:19",
		"mfd":	"20240119",
		"uuid":	"651ede982f0a99d7f9138131ec5819fe",
		"productType":	"A15W",
		"mac":	"00:e0:4c:98:0a:6c",
		"wifiChipType":	6,
		"customVer":	2,
		"customCode":	"",
		"fileName":	"A15W_Update.img",
		"boxType":	"YA",
		"logFileSuffix":	"YA15W",
		"tabId":	"",
		"code":	"IWqtGIfe6T9FXu2PMeYdrREsbkJOB75m",
		"needActive":	1
	},
	"Settings":	{
		"fps":	0,
		"gps":	1,
		"lang":	0,
		"bgMode":	0,
		"syncMode":	0,
		"startDelay":	0,
		"mediaDelay":	300,
		"mediaSound":	0,
		"autoConn":	1,
		"echoDelay":	320,
		"btCall":	0,
		"micGain":	0,
		"autoRefresh":	0,
		"displaySize":	3,
		"autoPlay":	0,
		"mouseMode":	0,
		"Udisk":	0,
		"bitRate":	0,
		"resolutionWidth":	2400,
		"resolutionHeight":	960,
		"ScreenDPI":	0,
		"KnobMode":	0,
		"NaviAudio":	0,
		"CallQuality":	1,
		"autoUpdate":	1,
		"wifi5GSwitch":	1,
		"wifiChannel":	36,
		"carLinkType":	30,
		"RepeatKeyFrame":	0,
		"BtAudio":	1,
		"MicMode":	0,
		"SpsPpsMode":	0,
		"MediaPacketLen":	200,
		"TtsPacketLen":	200,
		"VrPacketLen":	200,
		"TtsVolumGain":	0,
		"VrVolumGain":	0,
		"heartBeat":	1,
		"emptyFrame":	1,
		"micType":	0,
		"autoDisplay":	1,
		"connectedMode":	0,
		"transMode":	0,
		"returnMode":	0,
		"backRecording":	0,
		"fastConnect":	0,
		"improvedFluency":	0,
		"naviVolume":	0,
		"originalRes":	0
	},
	"DevList":	[{
			"id":	"14:1B:A0:1E:DE:28",
			"type":	"CarPlay",
			"name":	"lePhone",
			"index":	"1",
			"rfcomm":	"1"
		}, {
			"id":	"F0:04:E1:81:0E:06",
			"type":	"CarPlay",
			"name":	"Matt",
			"index":	"2",
			"rfcomm":	"1"
		}],
	"LangList":	[],
	"WifiChannelList":	[{
			"id":	1,
			"wifiFreq":	2412
		}, {
			"id":	2,
			"wifiFreq":	2417
		}, {
			"id":	3,
			"wifiFreq":	2422
		}, {
			"id":	4,
			"wifiFreq":	2427
		}, {
			"id":	5,
			"wifiFreq":	2432
		}, {
			"id":	6,
			"wifiFreq":	2437
		}, {
			"id":	7,
			"wifiFreq":	2442
		}, {
			"id":	36,
			"wifiFreq":	5180
		}, {
			"id":	40,
			"wifiFreq":	5200
		}, {
			"id":	44,
			"wifiFreq":	5220
		}, {
			"id":	149,
			"wifiFreq":	5745
		}, {
			"id":	157,
			"wifiFreq":	5785
		}, {
			"id":	161,
			"wifiFreq":	5805
		}]
}
[D]2025-08-15 23:09:23.128 1561-0/server.cgi[server]: response: {"CarInfo":{"brand":"","model":"","userid":"","year":0,"screen":"0x0","gnss":"","screenFps":"0","screenSize":"0x0","huid":""},"BoxInfo":{"bt":"AutoBox","wifi":"AutoBox-76d4","boxName":"","MDLinkType":"","HULinkType":"","MDModel":"","MDOSVersion":"","MDLinkVersion":"","hardwareVer":"YMA0-WR2C-0003","ver":"2025.02.25.1521","cgiVer":"Dec 31 2024 16:03:19","mfd":"20240119","uuid":"651ede982f0a99d7f9138131ec5819fe","productType":"A15W","mac":"00:e0:4c:98:0a:6c","wifiChipType":6,"customVer":2,"customCode":"","fileName":"A15W_Update.img","boxType":"YA","logFileSuffix":"YA15W","tabId":"","code":"IWqtGIfe6T9FXu2PMeYdrREsbkJOB75m","needActive":1},"Settings":{"fps":0,"gps":1,"lang":0,"bgMode":0,"syncMode":0,"startDelay":0,"mediaDelay":300,"mediaSound":0,"autoConn":1,"echoDelay":320,"btCall":0,"micGain":0,"autoRefresh":0,"displaySize":3,"autoPlay":0,"mouseMode":0,"Udisk":0,"bitRate":0,"resolutionWidth":2400,"resolutionHeight":960,"ScreenDPI":0,"KnobMode":0,"NaviAudio":0,"CallQuality":1,"autoUpdate":1,"wifi5GSwitch":1,"wifiChannel":36,"carLinkType":30,"RepeatKeyFrame":0,"BtAudio":1,"MicMode":0,"SpsPpsMode":0,"MediaPacketLen":200,"TtsPacketLen":200,"VrPacketLen":200,"TtsVolumGain":0,"VrVolumGain":0,"heartBeat":1,"emptyFrame":1,"micType":0,"autoDisplay":1,"connectedMode":0,"transMode":0,"returnMode":0,"backRecording":0,"fastConnect":0,"improvedFluency":0,"naviVolume":0,"originalRes":0},"DevList":[{"id":"14:1B:A0:1E:DE:28","type":"CarPlay","name":"lePhone","index":"1","rfcomm":"1"},{"id":"F0:04:E1:81:0E:06","type":"CarPlay","name":"Matt","index":"2","rfcomm":"1"}],"LangList":[],"WifiChannelList":[{"id":1,"wifiFreq":2412},{"id":2,"wifiFreq":2417},{"id":3,"wifiFreq":2422},{"id":4,"wifiFreq":2427},{"id":5,"wifiFreq":2432},{"id":6,"wifiFreq":2437},{"id":7,"wifiFreq":2442},{"id":36,"wifiFreq":5180},{"id":40,"wifiFreq":5200},{"id":44,"wifiFreq":5220},{"id":149,"wifiFreq":5745},{"id":157,"wifiFreq":5785},{"id":161,"wifiFreq":5805}]}
192.168.43.100 - - [15/Aug/2025:23:09:23 +0000] "POST /cgi-bin/server.cgi HTTP/1.1" 200 0 "http://192.168.43.1/" "Mozilla/5.0 (iPhone; CPU iPhone OS 18_6 like Mac OS X) AppleWebKit/605.1.15 (KHTML, like Gecko) Version/26.0 Mobile/15E148 Safari/604.1"
192.168.43.100 - - [15/Aug/2025:23:09:24 +0000] "GET / HTTP/1.1" 200 0 "-" "Mozilla/5.0 (iPhone; CPU iPhone OS 18_6 like Mac OS X) AppleWebKit/605.1.15 (KHTML, like Gecko) Version/26.0 Mobile/15E148 Safari/604.1"
192.168.43.100 - - [15/Aug/2025:23:09:24 +0000] "GET /lang/zh-31a570681ce21d94c43d568445772529.js HTTP/1.1" 200 0 "http://192.168.43.1/" "Mozilla/5.0 (iPhone; CPU iPhone OS 18_6 like Mac OS X) AppleWebKit/605.1.15 (KHTML, like Gecko) Version/26.0 Mobile/15E148 Safari/604.1"
192.168.43.100 - - [15/Aug/2025:23:09:24 +0000] "GET /lang/tw-fafa63471414054a95d85a4be2f1e991.js HTTP/1.1" 200 0 "http://192.168.43.1/" "Mozilla/5.0 (iPhone; CPU iPhone OS 18_6 like Mac OS X) AppleWebKit/605.1.15 (KHTML, like Gecko) Version/26.0 Mobile/15E148 Safari/604.1"
192.168.43.100 - - [15/Aug/2025:23:09:24 +0000] "GET /lang/en-70a02dab3b7811258ab7b870b686d489.js HTTP/1.1" 200 0 "http://192.168.43.1/" "Mozilla/5.0 (iPhone; CPU iPhone OS 18_6 like Mac OS X) AppleWebKit/605.1.15 (KHTML, like Gecko) Version/26.0 Mobile/15E148 Safari/604.1"
192.168.43.100 - - [15/Aug/2025:23:09:24 +0000] "GET /lang/hu-ddda4d2e1f2a1c50e0f9fc02bc44eb52.js HTTP/1.1" 200 0 "http://192.168.43.1/" "Mozilla/5.0 (iPhone; CPU iPhone OS 18_6 like Mac OS X) AppleWebKit/605.1.15 (KHTML, like Gecko) Version/26.0 Mobile/15E148 Safari/604.1"
192.168.43.100 - - [15/Aug/2025:23:09:24 +0000] "GET /lang/ko-d877ff3b2bfe71f6ee0ef5193724b766.js HTTP/1.1" 200 0 "http://192.168.43.1/" "Mozilla/5.0 (iPhone; CPU iPhone OS 18_6 like Mac OS X) AppleWebKit/605.1.15 (KHTML, like Gecko) Version/26.0 Mobile/15E148 Safari/604.1"
192.168.43.100 - - [15/Aug/2025:23:09:24 +0000] "GET /lang/ru-f48ca08db11f829263ac6e8432303dd7.js HTTP/1.1" 200 0 "http://192.168.43.1/" "Mozilla/5.0 (iPhone; CPU iPhone OS 18_6 like Mac OS X) AppleWebKit/605.1.15 (KHTML, like Gecko) Version/26.0 Mobile/15E148 Safari/604.1"
192.168.43.100 - - [15/Aug/2025:23:09:24 +0000] "GET /static/css/chunk-76e91590.5b3201c2.css HTTP/1.1" 200 0 "http://192.168.43.1/" "Mozilla/5.0 (iPhone; CPU iPhone OS 18_6 like Mac OS X) AppleWebKit/605.1.15 (KHTML, like Gecko) Version/26.0 Mobile/15E148 Safari/604.1"
192.168.43.100 - - [15/Aug/2025:23:09:24 +0000] "GET /static/css/chunk-3df42f19.5fb81042.css HTTP/1.1" 200 0 "http://192.168.43.1/" "Mozilla/5.0 (iPhone; CPU iPhone OS 18_6 like Mac OS X) AppleWebKit/605.1.15 (KHTML, like Gecko) Version/26.0 Mobile/15E148 Safari/604.1"
192.168.43.100 - - [15/Aug/2025:23:09:24 +0000] "GET /js/chunk-3df42f19.d82ef2c682dd15312d47.1735632235059.js HTTP/1.1" 200 0 "http://192.168.43.1/" "Mozilla/5.0 (iPhone; CPU iPhone OS 18_6 like Mac OS X) AppleWebKit/605.1.15 (KHTML, like Gecko) Version/26.0 Mobile/15E148 Safari/604.1"
192.168.43.100 - - [15/Aug/2025:23:09:24 +0000] "GET /static/css/chunk-31333f04.a8a6b628.css HTTP/1.1" 200 0 "http://192.168.43.1/" "Mozilla/5.0 (iPhone; CPU iPhone OS 18_6 like Mac OS X) AppleWebKit/605.1.15 (KHTML, like Gecko) Version/26.0 Mobile/15E148 Safari/604.1"
192.168.43.100 - - [15/Aug/2025:23:09:24 +0000] "GET /js/chunk-31333f04.d82ef2c682dd15312d47.1735632235059.js HTTP/1.1" 200 0 "http://192.168.43.1/" "Mozilla/5.0 (iPhone; CPU iPhone OS 18_6 like Mac OS X) AppleWebKit/605.1.15 (KHTML, like Gecko) Version/26.0 Mobile/15E148 Safari/604.1"
[D]2025-08-15 23:09:24.385 1587-0/server.cgi[server]: recv cmd :infos  ts :1755270566342  sign :a6b2ee4deb90fd1a9ebee8ce0269a91e
[D]2025-08-15 23:09:24.385 1587-0/server.cgi[server]: inBuf cmd=infos&ts=1755270566342HweL*@M@JEYUnvPw9G36MVB9X6u@2qxK 
[D]2025-08-15 23:09:24.413 1587-0/server.cgi[logic]: BOX_TMP_DATA_PHONE_LINK_TYPE = 0

[D]2025-08-15 23:09:24.413 1587-0/server.cgi[logic]: BOX_TMP_DATA_HU_LINK_TYPE = 0

[D]2025-08-15 23:09:24.414 1587-0/server.cgi[RiddlePlatform]: GetBoxWiFiChipType: 0xc822
 -- 6
[D]2025-08-15 23:09:24.415 1587-0/server.cgi[RiddlePlatform]: GetBoxWiFiChipType: 0xc822
 -- 6
[D]2025-08-15 23:09:24.429 1587-0/server.cgi[riddleCfg]: DevList : [{
		"id":	"14:1B:A0:1E:DE:28",
		"type":	"CarPlay",
		"name":	"lePhone",
		"index":	"1",
		"rfcomm":	"1"
	}, {
		"id":	"F0:04:E1:81:0E:06",
		"type":	"CarPlay",
		"name":	"Matt",
		"index":	"2",
		"rfcomm":	"1"
	}]
[D]2025-08-15 23:09:24.429 1587-0/server.cgi[riddleCfg]: LangList : []
[D]2025-08-15 23:09:24.430 1587-0/server.cgi[RiddlePlatform]: GetBoxWiFiChipType: 0xc822
 -- 6
[D]2025-08-15 23:09:24.430 1587-0/server.cgi[logic]: AppInfo: 
[D]2025-08-15 23:09:24.432 1587-0/server.cgi[server]: info : 
{
	"CarInfo":	{
		"brand":	"",
		"model":	"",
		"userid":	"",
		"year":	0,
		"screen":	"0x0",
		"gnss":	"",
		"screenFps":	"0",
		"screenSize":	"0x0",
		"huid":	""
	},
	"BoxInfo":	{
		"bt":	"AutoBox",
		"wifi":	"AutoBox-76d4",
		"boxName":	"",
		"MDLinkType":	"",
		"HULinkType":	"",
		"MDModel":	"",
		"MDOSVersion":	"",
		"MDLinkVersion":	"",
		"hardwareVer":	"YMA0-WR2C-0003",
		"ver":	"2025.02.25.1521",
		"cgiVer":	"Dec 31 2024 16:03:19",
		"mfd":	"20240119",
		"uuid":	"651ede982f0a99d7f9138131ec5819fe",
		"productType":	"A15W",
		"mac":	"00:e0:4c:98:0a:6c",
		"wifiChipType":	6,
		"customVer":	2,
		"customCode":	"",
		"fileName":	"A15W_Update.img",
		"boxType":	"YA",
		"logFileSuffix":	"YA15W",
		"tabId":	"",
		"code":	"IWqtGIfe6T9FXu2PMeYdrREsbkJOB75m",
		"needActive":	1
	},
	"Settings":	{
		"fps":	0,
		"gps":	1,
		"lang":	0,
		"bgMode":	0,
		"syncMode":	0,
		"startDelay":	0,
		"mediaDelay":	300,
		"mediaSound":	0,
		"autoConn":	1,
		"echoDelay":	320,
		"btCall":	0,
		"micGain":	0,
		"autoRefresh":	0,
		"displaySize":	3,
		"autoPlay":	0,
		"mouseMode":	0,
		"Udisk":	0,
		"bitRate":	0,
		"resolutionWidth":	2400,
		"resolutionHeight":	960,
		"ScreenDPI":	0,
		"KnobMode":	0,
		"NaviAudio":	0,
		"CallQuality":	1,
		"autoUpdate":	1,
		"wifi5GSwitch":	1,
		"wifiChannel":	36,
		"carLinkType":	30,
		"RepeatKeyFrame":	0,
		"BtAudio":	1,
		"MicMode":	0,
		"SpsPpsMode":	0,
		"MediaPacketLen":	200,
		"TtsPacketLen":	200,
		"VrPacketLen":	200,
		"TtsVolumGain":	0,
		"VrVolumGain":	0,
		"heartBeat":	1,
		"emptyFrame":	1,
		"micType":	0,
		"autoDisplay":	1,
		"connectedMode":	0,
		"transMode":	0,
		"returnMode":	0,
		"backRecording":	0,
		"fastConnect":	0,
		"improvedFluency":	0,
		"naviVolume":	0,
		"originalRes":	0
	},
	"DevList":	[{
			"id":	"14:1B:A0:1E:DE:28",
			"type":	"CarPlay",
			"name":	"lePhone",
			"index":	"1",
			"rfcomm":	"1"
		}, {
			"id":	"F0:04:E1:81:0E:06",
			"type":	"CarPlay",
			"name":	"Matt",
			"index":	"2",
			"rfcomm":	"1"
		}],
	"LangList":	[],
	"WifiChannelList":	[{
			"id":	1,
			"wifiFreq":	2412
		}, {
			"id":	2,
			"wifiFreq":	2417
		}, {
			"id":	3,
			"wifiFreq":	2422
		}, {
			"id":	4,
			"wifiFreq":	2427
		}, {
			"id":	5,
			"wifiFreq":	2432
		}, {
			"id":	6,
			"wifiFreq":	2437
		}, {
			"id":	7,
			"wifiFreq":	2442
		}, {
			"id":	36,
			"wifiFreq":	5180
		}, {
			"id":	40,
			"wifiFreq":	5200
		}, {
			"id":	44,
			"wifiFreq":	5220
		}, {
			"id":	149,
			"wifiFreq":	5745
		}, {
			"id":	157,
			"wifiFreq":	5785
		}, {
			"id":	161,
			"wifiFreq":	5805
		}]
}
[D]2025-08-15 23:09:24.433 1587-0/server.cgi[server]: response: {"CarInfo":{"brand":"","model":"","userid":"","year":0,"screen":"0x0","gnss":"","screenFps":"0","screenSize":"0x0","huid":""},"BoxInfo":{"bt":"AutoBox","wifi":"AutoBox-76d4","boxName":"","MDLinkType":"","HULinkType":"","MDModel":"","MDOSVersion":"","MDLinkVersion":"","hardwareVer":"YMA0-WR2C-0003","ver":"2025.02.25.1521","cgiVer":"Dec 31 2024 16:03:19","mfd":"20240119","uuid":"651ede982f0a99d7f9138131ec5819fe","productType":"A15W","mac":"00:e0:4c:98:0a:6c","wifiChipType":6,"customVer":2,"customCode":"","fileName":"A15W_Update.img","boxType":"YA","logFileSuffix":"YA15W","tabId":"","code":"IWqtGIfe6T9FXu2PMeYdrREsbkJOB75m","needActive":1},"Settings":{"fps":0,"gps":1,"lang":0,"bgMode":0,"syncMode":0,"startDelay":0,"mediaDelay":300,"mediaSound":0,"autoConn":1,"echoDelay":320,"btCall":0,"micGain":0,"autoRefresh":0,"displaySize":3,"autoPlay":0,"mouseMode":0,"Udisk":0,"bitRate":0,"resolutionWidth":2400,"resolutionHeight":960,"ScreenDPI":0,"KnobMode":0,"NaviAudio":0,"CallQuality":1,"autoUpdate":1,"wifi5GSwitch":1,"wifiChannel":36,"carLinkType":30,"RepeatKeyFrame":0,"BtAudio":1,"MicMode":0,"SpsPpsMode":0,"MediaPacketLen":200,"TtsPacketLen":200,"VrPacketLen":200,"TtsVolumGain":0,"VrVolumGain":0,"heartBeat":1,"emptyFrame":1,"micType":0,"autoDisplay":1,"connectedMode":0,"transMode":0,"returnMode":0,"backRecording":0,"fastConnect":0,"improvedFluency":0,"naviVolume":0,"originalRes":0},"DevList":[{"id":"14:1B:A0:1E:DE:28","type":"CarPlay","name":"lePhone","index":"1","rfcomm":"1"},{"id":"F0:04:E1:81:0E:06","type":"CarPlay","name":"Matt","index":"2","rfcomm":"1"}],"LangList":[],"WifiChannelList":[{"id":1,"wifiFreq":2412},{"id":2,"wifiFreq":2417},{"id":3,"wifiFreq":2422},{"id":4,"wifiFreq":2427},{"id":5,"wifiFreq":2432},{"id":6,"wifiFreq":2437},{"id":7,"wifiFreq":2442},{"id":36,"wifiFreq":5180},{"id":40,"wifiFreq":5200},{"id":44,"wifiFreq":5220},{"id":149,"wifiFreq":5745},{"id":157,"wifiFreq":5785},{"id":161,"wifiFreq":5805}]}
192.168.43.100 - - [15/Aug/2025:23:09:24 +0000] "POST /cgi-bin/server.cgi HTTP/1.1" 200 0 "http://192.168.43.1/" "Mozilla/5.0 (iPhone; CPU iPhone OS 18_6 like Mac OS X) AppleWebKit/605.1.15 (KHTML, like Gecko) Version/26.0 Mobile/15E148 Safari/604.1"
192.168.43.100 - - [15/Aug/2025:23:09:26 +0000] "GET /js/chunk-85bf3582.d82ef2c682dd15312d47.1735632235059.js HTTP/1.1" 200 0 "http://192.168.43.1/" "Mozilla/5.0 (iPhone; CPU iPhone OS 18_6 like Mac OS X) AppleWebKit/605.1.15 (KHTML, like Gecko) Version/26.0 Mobile/15E148 Safari/604.1"
192.168.43.100 - - [15/Aug/2025:23:09:26 +0000] "GET /static/css/chunk-85bf3582.2ff883b9.css HTTP/1.1" 200 0 "http://192.168.43.1/" "Mozilla/5.0 (iPhone; CPU iPhone OS 18_6 like Mac OS X) AppleWebKit/605.1.15 (KHTML, like Gecko) Version/26.0 Mobile/15E148 Safari/604.1"
192.168.43.100 - - [15/Aug/2025:23:09:26 +0000] "GET /static/img/back-black.80c99e61.svg HTTP/1.1" 200 580 "http://192.168.43.1/" "Mozilla/5.0 (iPhone; CPU iPhone OS 18_6 like Mac OS X) AppleWebKit/605.1.15 (KHTML, like Gecko) Version/26.0 Mobile/15E148 Safari/604.1"
[D]2025-08-15 23:09:26.534 1614-0/server.cgi[server]: recv cmd :infos  ts :1755270568487  sign :dfb78986cd38793444a1c01e1102834f
[D]2025-08-15 23:09:26.534 1614-0/server.cgi[server]: inBuf cmd=infos&ts=1755270568487HweL*@M@JEYUnvPw9G36MVB9X6u@2qxK 
[D]2025-08-15 23:09:26.568 1614-0/server.cgi[logic]: BOX_TMP_DATA_PHONE_LINK_TYPE = 0

[D]2025-08-15 23:09:26.568 1614-0/server.cgi[logic]: BOX_TMP_DATA_HU_LINK_TYPE = 0

[D]2025-08-15 23:09:26.569 1614-0/server.cgi[RiddlePlatform]: GetBoxWiFiChipType: 0xc822
 -- 6
[D]2025-08-15 23:09:26.570 1614-0/server.cgi[RiddlePlatform]: GetBoxWiFiChipType: 0xc822
 -- 6
[D]2025-08-15 23:09:26.585 1614-0/server.cgi[riddleCfg]: DevList : [{
		"id":	"14:1B:A0:1E:DE:28",
		"type":	"CarPlay",
		"name":	"lePhone",
		"index":	"1",
		"rfcomm":	"1"
	}, {
		"id":	"F0:04:E1:81:0E:06",
		"type":	"CarPlay",
		"name":	"Matt",
		"index":	"2",
		"rfcomm":	"1"
	}]
[D]2025-08-15 23:09:26.585 1614-0/server.cgi[riddleCfg]: LangList : []
[D]2025-08-15 23:09:26.586 1614-0/server.cgi[RiddlePlatform]: GetBoxWiFiChipType: 0xc822
 -- 6
[D]2025-08-15 23:09:26.586 1614-0/server.cgi[logic]: AppInfo: 
[D]2025-08-15 23:09:26.588 1614-0/server.cgi[server]: info : 
{
	"CarInfo":	{
		"brand":	"",
		"model":	"",
		"userid":	"",
		"year":	0,
		"screen":	"0x0",
		"gnss":	"",
		"screenFps":	"0",
		"screenSize":	"0x0",
		"huid":	""
	},
	"BoxInfo":	{
		"bt":	"AutoBox",
		"wifi":	"AutoBox-76d4",
		"boxName":	"",
		"MDLinkType":	"",
		"HULinkType":	"",
		"MDModel":	"",
		"MDOSVersion":	"",
		"MDLinkVersion":	"",
		"hardwareVer":	"YMA0-WR2C-0003",
		"ver":	"2025.02.25.1521",
		"cgiVer":	"Dec 31 2024 16:03:19",
		"mfd":	"20240119",
		"uuid":	"651ede982f0a99d7f9138131ec5819fe",
		"productType":	"A15W",
		"mac":	"00:e0:4c:98:0a:6c",
		"wifiChipType":	6,
		"customVer":	2,
		"customCode":	"",
		"fileName":	"A15W_Update.img",
		"boxType":	"YA",
		"logFileSuffix":	"YA15W",
		"tabId":	"",
		"code":	"IWqtGIfe6T9FXu2PMeYdrREsbkJOB75m",
		"needActive":	1
	},
	"Settings":	{
		"fps":	0,
		"gps":	1,
		"lang":	0,
		"bgMode":	0,
		"syncMode":	0,
		"startDelay":	0,
		"mediaDelay":	300,
		"mediaSound":	0,
		"autoConn":	1,
		"echoDelay":	320,
		"btCall":	0,
		"micGain":	0,
		"autoRefresh":	0,
		"displaySize":	3,
		"autoPlay":	0,
		"mouseMode":	0,
		"Udisk":	0,
		"bitRate":	0,
		"resolutionWidth":	2400,
		"resolutionHeight":	960,
		"ScreenDPI":	0,
		"KnobMode":	0,
		"NaviAudio":	0,
		"CallQuality":	1,
		"autoUpdate":	1,
		"wifi5GSwitch":	1,
		"wifiChannel":	36,
		"carLinkType":	30,
		"RepeatKeyFrame":	0,
		"BtAudio":	1,
		"MicMode":	0,
		"SpsPpsMode":	0,
		"MediaPacketLen":	200,
		"TtsPacketLen":	200,
		"VrPacketLen":	200,
		"TtsVolumGain":	0,
		"VrVolumGain":	0,
		"heartBeat":	1,
		"emptyFrame":	1,
		"micType":	0,
		"autoDisplay":	1,
		"connectedMode":	0,
		"transMode":	0,
		"returnMode":	0,
		"backRecording":	0,
		"fastConnect":	0,
		"improvedFluency":	0,
		"naviVolume":	0,
		"originalRes":	0
	},
	"DevList":	[{
			"id":	"14:1B:A0:1E:DE:28",
			"type":	"CarPlay",
			"name":	"lePhone",
			"index":	"1",
			"rfcomm":	"1"
		}, {
			"id":	"F0:04:E1:81:0E:06",
			"type":	"CarPlay",
			"name":	"Matt",
			"index":	"2",
			"rfcomm":	"1"
		}],
	"LangList":	[],
	"WifiChannelList":	[{
			"id":	1,
			"wifiFreq":	2412
		}, {
			"id":	2,
			"wifiFreq":	2417
		}, {
			"id":	3,
			"wifiFreq":	2422
		}, {
			"id":	4,
			"wifiFreq":	2427
		}, {
			"id":	5,
			"wifiFreq":	2432
		}, {
			"id":	6,
			"wifiFreq":	2437
		}, {
			"id":	7,
			"wifiFreq":	2442
		}, {
			"id":	36,
			"wifiFreq":	5180
		}, {
			"id":	40,
			"wifiFreq":	5200
		}, {
			"id":	44,
			"wifiFreq":	5220
		}, {
			"id":	149,
			"wifiFreq":	5745
		}, {
			"id":	157,
			"wifiFreq":	5785
		}, {
			"id":	161,
			"wifiFreq":	5805
		}]
}
[D]2025-08-15 23:09:26.589 1614-0/server.cgi[server]: response: {"CarInfo":{"brand":"","model":"","userid":"","year":0,"screen":"0x0","gnss":"","screenFps":"0","screenSize":"0x0","huid":""},"BoxInfo":{"bt":"AutoBox","wifi":"AutoBox-76d4","boxName":"","MDLinkType":"","HULinkType":"","MDModel":"","MDOSVersion":"","MDLinkVersion":"","hardwareVer":"YMA0-WR2C-0003","ver":"2025.02.25.1521","cgiVer":"Dec 31 2024 16:03:19","mfd":"20240119","uuid":"651ede982f0a99d7f9138131ec5819fe","productType":"A15W","mac":"00:e0:4c:98:0a:6c","wifiChipType":6,"customVer":2,"customCode":"","fileName":"A15W_Update.img","boxType":"YA","logFileSuffix":"YA15W","tabId":"","code":"IWqtGIfe6T9FXu2PMeYdrREsbkJOB75m","needActive":1},"Settings":{"fps":0,"gps":1,"lang":0,"bgMode":0,"syncMode":0,"startDelay":0,"mediaDelay":300,"mediaSound":0,"autoConn":1,"echoDelay":320,"btCall":0,"micGain":0,"autoRefresh":0,"displaySize":3,"autoPlay":0,"mouseMode":0,"Udisk":0,"bitRate":0,"resolutionWidth":2400,"resolutionHeight":960,"ScreenDPI":0,"KnobMode":0,"NaviAudio":0,"CallQuality":1,"autoUpdate":1,"wifi5GSwitch":1,"wifiChannel":36,"carLinkType":30,"RepeatKeyFrame":0,"BtAudio":1,"MicMode":0,"SpsPpsMode":0,"MediaPacketLen":200,"TtsPacketLen":200,"VrPacketLen":200,"TtsVolumGain":0,"VrVolumGain":0,"heartBeat":1,"emptyFrame":1,"micType":0,"autoDisplay":1,"connectedMode":0,"transMode":0,"returnMode":0,"backRecording":0,"fastConnect":0,"improvedFluency":0,"naviVolume":0,"originalRes":0},"DevList":[{"id":"14:1B:A0:1E:DE:28","type":"CarPlay","name":"lePhone","index":"1","rfcomm":"1"},{"id":"F0:04:E1:81:0E:06","type":"CarPlay","name":"Matt","index":"2","rfcomm":"1"}],"LangList":[],"WifiChannelList":[{"id":1,"wifiFreq":2412},{"id":2,"wifiFreq":2417},{"id":3,"wifiFreq":2422},{"id":4,"wifiFreq":2427},{"id":5,"wifiFreq":2432},{"id":6,"wifiFreq":2437},{"id":7,"wifiFreq":2442},{"id":36,"wifiFreq":5180},{"id":40,"wifiFreq":5200},{"id":44,"wifiFreq":5220},{"id":149,"wifiFreq":5745},{"id":157,"wifiFreq":5785},{"id":161,"wifiFreq":5805}]}
192.168.43.100 - - [15/Aug/2025:23:09:26 +0000] "POST /cgi-bin/server.cgi HTTP/1.1" 200 0 "http://192.168.43.1/" "Mozilla/5.0 (iPhone; CPU iPhone OS 18_6 like Mac OS X) AppleWebKit/605.1.15 (KHTML, like Gecko) Version/26.0 Mobile/15E148 Safari/604.1"
[D]2025-08-15 23:09:27.804 1619-0/server.cgi[server]: recv cmd :infos  ts :1755270569759  sign :db968d2e9ae3804171c1c60c6288c961
[D]2025-08-15 23:09:27.805 1619-0/server.cgi[server]: inBuf cmd=infos&ts=1755270569759HweL*@M@JEYUnvPw9G36MVB9X6u@2qxK 
[D]2025-08-15 23:09:27.844 1619-0/server.cgi[logic]: BOX_TMP_DATA_PHONE_LINK_TYPE = 0

[D]2025-08-15 23:09:27.844 1619-0/server.cgi[logic]: BOX_TMP_DATA_HU_LINK_TYPE = 0

[D]2025-08-15 23:09:27.845 1619-0/server.cgi[RiddlePlatform]: GetBoxWiFiChipType: 0xc822
 -- 6
[D]2025-08-15 23:09:27.846 1619-0/server.cgi[RiddlePlatform]: GetBoxWiFiChipType: 0xc822
 -- 6
[D]2025-08-15 23:09:27.860 1619-0/server.cgi[riddleCfg]: DevList : [{
		"id":	"14:1B:A0:1E:DE:28",
		"type":	"CarPlay",
		"name":	"lePhone",
		"index":	"1",
		"rfcomm":	"1"
	}, {
		"id":	"F0:04:E1:81:0E:06",
		"type":	"CarPlay",
		"name":	"Matt",
		"index":	"2",
		"rfcomm":	"1"
	}]
[D]2025-08-15 23:09:27.860 1619-0/server.cgi[riddleCfg]: LangList : []
[D]2025-08-15 23:09:27.861 1619-0/server.cgi[RiddlePlatform]: GetBoxWiFiChipType: 0xc822
 -- 6
[D]2025-08-15 23:09:27.861 1619-0/server.cgi[logic]: AppInfo: 
[D]2025-08-15 23:09:27.863 1619-0/server.cgi[server]: info : 
{
	"CarInfo":	{
		"brand":	"",
		"model":	"",
		"userid":	"",
		"year":	0,
		"screen":	"0x0",
		"gnss":	"",
		"screenFps":	"0",
		"screenSize":	"0x0",
		"huid":	""
	},
	"BoxInfo":	{
		"bt":	"AutoBox",
		"wifi":	"AutoBox-76d4",
		"boxName":	"",
		"MDLinkType":	"",
		"HULinkType":	"",
		"MDModel":	"",
		"MDOSVersion":	"",
		"MDLinkVersion":	"",
		"hardwareVer":	"YMA0-WR2C-0003",
		"ver":	"2025.02.25.1521",
		"cgiVer":	"Dec 31 2024 16:03:19",
		"mfd":	"20240119",
		"uuid":	"651ede982f0a99d7f9138131ec5819fe",
		"productType":	"A15W",
		"mac":	"00:e0:4c:98:0a:6c",
		"wifiChipType":	6,
		"customVer":	2,
		"customCode":	"",
		"fileName":	"A15W_Update.img",
		"boxType":	"YA",
		"logFileSuffix":	"YA15W",
		"tabId":	"",
		"code":	"IWqtGIfe6T9FXu2PMeYdrREsbkJOB75m",
		"needActive":	1
	},
	"Settings":	{
		"fps":	0,
		"gps":	1,
		"lang":	0,
		"bgMode":	0,
		"syncMode":	0,
		"startDelay":	0,
		"mediaDelay":	300,
		"mediaSound":	0,
		"autoConn":	1,
		"echoDelay":	320,
		"btCall":	0,
		"micGain":	0,
		"autoRefresh":	0,
		"displaySize":	3,
		"autoPlay":	0,
		"mouseMode":	0,
		"Udisk":	0,
		"bitRate":	0,
		"resolutionWidth":	2400,
		"resolutionHeight":	960,
		"ScreenDPI":	0,
		"KnobMode":	0,
		"NaviAudio":	0,
		"CallQuality":	1,
		"autoUpdate":	1,
		"wifi5GSwitch":	1,
		"wifiChannel":	36,
		"carLinkType":	30,
		"RepeatKeyFrame":	0,
		"BtAudio":	1,
		"MicMode":	0,
		"SpsPpsMode":	0,
		"MediaPacketLen":	200,
		"TtsPacketLen":	200,
		"VrPacketLen":	200,
		"TtsVolumGain":	0,
		"VrVolumGain":	0,
		"heartBeat":	1,
		"emptyFrame":	1,
		"micType":	0,
		"autoDisplay":	1,
		"connectedMode":	0,
		"transMode":	0,
		"returnMode":	0,
		"backRecording":	0,
		"fastConnect":	0,
		"improvedFluency":	0,
		"naviVolume":	0,
		"originalRes":	0
	},
	"DevList":	[{
			"id":	"14:1B:A0:1E:DE:28",
			"type":	"CarPlay",
			"name":	"lePhone",
			"index":	"1",
			"rfcomm":	"1"
		}, {
			"id":	"F0:04:E1:81:0E:06",
			"type":	"CarPlay",
			"name":	"Matt",
			"index":	"2",
			"rfcomm":	"1"
		}],
	"LangList":	[],
	"WifiChannelList":	[{
			"id":	1,
			"wifiFreq":	2412
		}, {
			"id":	2,
			"wifiFreq":	2417
		}, {
			"id":	3,
			"wifiFreq":	2422
		}, {
			"id":	4,
			"wifiFreq":	2427
		}, {
			"id":	5,
			"wifiFreq":	2432
		}, {
			"id":	6,
			"wifiFreq":	2437
		}, {
			"id":	7,
			"wifiFreq":	2442
		}, {
			"id":	36,
			"wifiFreq":	5180
		}, {
			"id":	40,
			"wifiFreq":	5200
		}, {
			"id":	44,
			"wifiFreq":	5220
		}, {
			"id":	149,
			"wifiFreq":	5745
		}, {
			"id":	157,
			"wifiFreq":	5785
		}, {
			"id":	161,
			"wifiFreq":	5805
		}]
}
[D]2025-08-15 23:09:27.865 1619-0/server.cgi[server]: response: {"CarInfo":{"brand":"","model":"","userid":"","year":0,"screen":"0x0","gnss":"","screenFps":"0","screenSize":"0x0","huid":""},"BoxInfo":{"bt":"AutoBox","wifi":"AutoBox-76d4","boxName":"","MDLinkType":"","HULinkType":"","MDModel":"","MDOSVersion":"","MDLinkVersion":"","hardwareVer":"YMA0-WR2C-0003","ver":"2025.02.25.1521","cgiVer":"Dec 31 2024 16:03:19","mfd":"20240119","uuid":"651ede982f0a99d7f9138131ec5819fe","productType":"A15W","mac":"00:e0:4c:98:0a:6c","wifiChipType":6,"customVer":2,"customCode":"","fileName":"A15W_Update.img","boxType":"YA","logFileSuffix":"YA15W","tabId":"","code":"IWqtGIfe6T9FXu2PMeYdrREsbkJOB75m","needActive":1},"Settings":{"fps":0,"gps":1,"lang":0,"bgMode":0,"syncMode":0,"startDelay":0,"mediaDelay":300,"mediaSound":0,"autoConn":1,"echoDelay":320,"btCall":0,"micGain":0,"autoRefresh":0,"displaySize":3,"autoPlay":0,"mouseMode":0,"Udisk":0,"bitRate":0,"resolutionWidth":2400,"resolutionHeight":960,"ScreenDPI":0,"KnobMode":0,"NaviAudio":0,"CallQuality":1,"autoUpdate":1,"wifi5GSwitch":1,"wifiChannel":36,"carLinkType":30,"RepeatKeyFrame":0,"BtAudio":1,"MicMode":0,"SpsPpsMode":0,"MediaPacketLen":200,"TtsPacketLen":200,"VrPacketLen":200,"TtsVolumGain":0,"VrVolumGain":0,"heartBeat":1,"emptyFrame":1,"micType":0,"autoDisplay":1,"connectedMode":0,"transMode":0,"returnMode":0,"backRecording":0,"fastConnect":0,"improvedFluency":0,"naviVolume":0,"originalRes":0},"DevList":[{"id":"14:1B:A0:1E:DE:28","type":"CarPlay","name":"lePhone","index":"1","rfcomm":"1"},{"id":"F0:04:E1:81:0E:06","type":"CarPlay","name":"Matt","index":"2","rfcomm":"1"}],"LangList":[],"WifiChannelList":[{"id":1,"wifiFreq":2412},{"id":2,"wifiFreq":2417},{"id":3,"wifiFreq":2422},{"id":4,"wifiFreq":2427},{"id":5,"wifiFreq":2432},{"id":6,"wifiFreq":2437},{"id":7,"wifiFreq":2442},{"id":36,"wifiFreq":5180},{"id":40,"wifiFreq":5200},{"id":44,"wifiFreq":5220},{"id":149,"wifiFreq":5745},{"id":157,"wifiFreq":5785},{"id":161,"wifiFreq":5805}]}
192.168.43.100 - - [15/Aug/2025:23:09:27 +0000] "POST /cgi-bin/server.cgi HTTP/1.1" 200 0 "http://192.168.43.1/" "Mozilla/5.0 (iPhone; CPU iPhone OS 18_6 like Mac OS X) AppleWebKit/605.1.15 (KHTML, like Gecko) Version/26.0 Mobile/15E148 Safari/604.1"
192.168.43.100 - - [15/Aug/2025:23:09:30 +0000] "GET /static/css/chunk-9d0aed26.dadc475a.css HTTP/1.1" 200 0 "http://192.168.43.1/" "Mozilla/5.0 (iPhone; CPU iPhone OS 18_6 like Mac OS X) AppleWebKit/605.1.15 (KHTML, like Gecko) Version/26.0 Mobile/15E148 Safari/604.1"
192.168.43.100 - - [15/Aug/2025:23:09:30 +0000] "GET /js/chunk-9d0aed26.d82ef2c682dd15312d47.1735632235059.js HTTP/1.1" 200 0 "http://192.168.43.1/" "Mozilla/5.0 (iPhone; CPU iPhone OS 18_6 like Mac OS X) AppleWebKit/605.1.15 (KHTML, like Gecko) Version/26.0 Mobile/15E148 Safari/604.1"
192.168.43.100 - - [15/Aug/2025:23:09:30 +0000] "GET /static/img/reset.200459c5.svg HTTP/1.1" 200 2753 "http://192.168.43.1/" "Mozilla/5.0 (iPhone; CPU iPhone OS 18_6 like Mac OS X) AppleWebKit/605.1.15 (KHTML, like Gecko) Version/26.0 Mobile/15E148 Safari/604.1"
[D]2025-08-15 23:09:30.162 1630-0/server.cgi[server]: recv cmd :infos  ts :1755270572110  sign :e396f620bb343c275248d027d28fe32b
[D]2025-08-15 23:09:30.163 1630-0/server.cgi[server]: inBuf cmd=infos&ts=1755270572110HweL*@M@JEYUnvPw9G36MVB9X6u@2qxK 
[D]2025-08-15 23:09:30.190 1630-0/server.cgi[logic]: BOX_TMP_DATA_PHONE_LINK_TYPE = 0

[D]2025-08-15 23:09:30.190 1630-0/server.cgi[logic]: BOX_TMP_DATA_HU_LINK_TYPE = 0

[D]2025-08-15 23:09:30.191 1630-0/server.cgi[RiddlePlatform]: GetBoxWiFiChipType: 0xc822
 -- 6
[D]2025-08-15 23:09:30.193 1630-0/server.cgi[RiddlePlatform]: GetBoxWiFiChipType: 0xc822
 -- 6
[D]2025-08-15 23:09:30.207 1630-0/server.cgi[riddleCfg]: DevList : [{
		"id":	"14:1B:A0:1E:DE:28",
		"type":	"CarPlay",
		"name":	"lePhone",
		"index":	"1",
		"rfcomm":	"1"
	}, {
		"id":	"F0:04:E1:81:0E:06",
		"type":	"CarPlay",
		"name":	"Matt",
		"index":	"2",
		"rfcomm":	"1"
	}]
[D]2025-08-15 23:09:30.208 1630-0/server.cgi[riddleCfg]: LangList : []
[D]2025-08-15 23:09:30.208 1630-0/server.cgi[RiddlePlatform]: GetBoxWiFiChipType: 0xc822
 -- 6
[D]2025-08-15 23:09:30.208 1630-0/server.cgi[logic]: AppInfo: 
[D]2025-08-15 23:09:30.210 1630-0/server.cgi[server]: info : 
{
	"CarInfo":	{
		"brand":	"",
		"model":	"",
		"userid":	"",
		"year":	0,
		"screen":	"0x0",
		"gnss":	"",
		"screenFps":	"0",
		"screenSize":	"0x0",
		"huid":	""
	},
	"BoxInfo":	{
		"bt":	"AutoBox",
		"wifi":	"AutoBox-76d4",
		"boxName":	"",
		"MDLinkType":	"",
		"HULinkType":	"",
		"MDModel":	"",
		"MDOSVersion":	"",
		"MDLinkVersion":	"",
		"hardwareVer":	"YMA0-WR2C-0003",
		"ver":	"2025.02.25.1521",
		"cgiVer":	"Dec 31 2024 16:03:19",
		"mfd":	"20240119",
		"uuid":	"651ede982f0a99d7f9138131ec5819fe",
		"productType":	"A15W",
		"mac":	"00:e0:4c:98:0a:6c",
		"wifiChipType":	6,
		"customVer":	2,
		"customCode":	"",
		"fileName":	"A15W_Update.img",
		"boxType":	"YA",
		"logFileSuffix":	"YA15W",
		"tabId":	"",
		"code":	"IWqtGIfe6T9FXu2PMeYdrREsbkJOB75m",
		"needActive":	1
	},
	"Settings":	{
		"fps":	0,
		"gps":	1,
		"lang":	0,
		"bgMode":	0,
		"syncMode":	0,
		"startDelay":	0,
		"mediaDelay":	300,
		"mediaSound":	0,
		"autoConn":	1,
		"echoDelay":	320,
		"btCall":	0,
		"micGain":	0,
		"autoRefresh":	0,
		"displaySize":	3,
		"autoPlay":	0,
		"mouseMode":	0,
		"Udisk":	0,
		"bitRate":	0,
		"resolutionWidth":	2400,
		"resolutionHeight":	960,
		"ScreenDPI":	0,
		"KnobMode":	0,
		"NaviAudio":	0,
		"CallQuality":	1,
		"autoUpdate":	1,
		"wifi5GSwitch":	1,
		"wifiChannel":	36,
		"carLinkType":	30,
		"RepeatKeyFrame":	0,
		"BtAudio":	1,
		"MicMode":	0,
		"SpsPpsMode":	0,
		"MediaPacketLen":	200,
		"TtsPacketLen":	200,
		"VrPacketLen":	200,
		"TtsVolumGain":	0,
		"VrVolumGain":	0,
		"heartBeat":	1,
		"emptyFrame":	1,
		"micType":	0,
		"autoDisplay":	1,
		"connectedMode":	0,
		"transMode":	0,
		"returnMode":	0,
		"backRecording":	0,
		"fastConnect":	0,
		"improvedFluency":	0,
		"naviVolume":	0,
		"originalRes":	0
	},
	"DevList":	[{
			"id":	"14:1B:A0:1E:DE:28",
			"type":	"CarPlay",
			"name":	"lePhone",
			"index":	"1",
			"rfcomm":	"1"
		}, {
			"id":	"F0:04:E1:81:0E:06",
			"type":	"CarPlay",
			"name":	"Matt",
			"index":	"2",
			"rfcomm":	"1"
		}],
	"LangList":	[],
	"WifiChannelList":	[{
			"id":	1,
			"wifiFreq":	2412
		}, {
			"id":	2,
			"wifiFreq":	2417
		}, {
			"id":	3,
			"wifiFreq":	2422
		}, {
			"id":	4,
			"wifiFreq":	2427
		}, {
			"id":	5,
			"wifiFreq":	2432
		}, {
			"id":	6,
			"wifiFreq":	2437
		}, {
			"id":	7,
			"wifiFreq":	2442
		}, {
			"id":	36,
			"wifiFreq":	5180
		}, {
			"id":	40,
			"wifiFreq":	5200
		}, {
			"id":	44,
			"wifiFreq":	5220
		}, {
			"id":	149,
			"wifiFreq":	5745
		}, {
			"id":	157,
			"wifiFreq":	5785
		}, {
			"id":	161,
			"wifiFreq":	5805
		}]
}
[D]2025-08-15 23:09:30.211 1630-0/server.cgi[server]: response: {"CarInfo":{"brand":"","model":"","userid":"","year":0,"screen":"0x0","gnss":"","screenFps":"0","screenSize":"0x0","huid":""},"BoxInfo":{"bt":"AutoBox","wifi":"AutoBox-76d4","boxName":"","MDLinkType":"","HULinkType":"","MDModel":"","MDOSVersion":"","MDLinkVersion":"","hardwareVer":"YMA0-WR2C-0003","ver":"2025.02.25.1521","cgiVer":"Dec 31 2024 16:03:19","mfd":"20240119","uuid":"651ede982f0a99d7f9138131ec5819fe","productType":"A15W","mac":"00:e0:4c:98:0a:6c","wifiChipType":6,"customVer":2,"customCode":"","fileName":"A15W_Update.img","boxType":"YA","logFileSuffix":"YA15W","tabId":"","code":"IWqtGIfe6T9FXu2PMeYdrREsbkJOB75m","needActive":1},"Settings":{"fps":0,"gps":1,"lang":0,"bgMode":0,"syncMode":0,"startDelay":0,"mediaDelay":300,"mediaSound":0,"autoConn":1,"echoDelay":320,"btCall":0,"micGain":0,"autoRefresh":0,"displaySize":3,"autoPlay":0,"mouseMode":0,"Udisk":0,"bitRate":0,"resolutionWidth":2400,"resolutionHeight":960,"ScreenDPI":0,"KnobMode":0,"NaviAudio":0,"CallQuality":1,"autoUpdate":1,"wifi5GSwitch":1,"wifiChannel":36,"carLinkType":30,"RepeatKeyFrame":0,"BtAudio":1,"MicMode":0,"SpsPpsMode":0,"MediaPacketLen":200,"TtsPacketLen":200,"VrPacketLen":200,"TtsVolumGain":0,"VrVolumGain":0,"heartBeat":1,"emptyFrame":1,"micType":0,"autoDisplay":1,"connectedMode":0,"transMode":0,"returnMode":0,"backRecording":0,"fastConnect":0,"improvedFluency":0,"naviVolume":0,"originalRes":0},"DevList":[{"id":"14:1B:A0:1E:DE:28","type":"CarPlay","name":"lePhone","index":"1","rfcomm":"1"},{"id":"F0:04:E1:81:0E:06","type":"CarPlay","name":"Matt","index":"2","rfcomm":"1"}],"LangList":[],"WifiChannelList":[{"id":1,"wifiFreq":2412},{"id":2,"wifiFreq":2417},{"id":3,"wifiFreq":2422},{"id":4,"wifiFreq":2427},{"id":5,"wifiFreq":2432},{"id":6,"wifiFreq":2437},{"id":7,"wifiFreq":2442},{"id":36,"wifiFreq":5180},{"id":40,"wifiFreq":5200},{"id":44,"wifiFreq":5220},{"id":149,"wifiFreq":5745},{"id":157,"wifiFreq":5785},{"id":161,"wifiFreq":5805}]}
192.168.43.100 - - [15/Aug/2025:23:09:30 +0000] "POST /cgi-bin/server.cgi HTTP/1.1" 200 0 "http://192.168.43.1/" "Mozilla/5.0 (iPhone; CPU iPhone OS 18_6 like Mac OS X) AppleWebKit/605.1.15 (KHTML, like Gecko) Version/26.0 Mobile/15E148 Safari/604.1"
192.168.43.100 - - [15/Aug/2025:23:09:30 +0000] "GET /images/carlogo.png?t=1755270572000 HTTP/1.1" 200 34179 "http://192.168.43.1/" "Mozilla/5.0 (iPhone; CPU iPhone OS 18_6 like Mac OS X) AppleWebKit/605.1.15 (KHTML, like Gecko) Version/26.0 Mobile/15E148 Safari/604.1"
[D]2025-08-15 23:09:31.798 159-75111450/ARMadb-driver[ConfigFileUtils]: is wince: 0
[W]2025-08-15 23:09:31.799 159-75111450/ARMadb-driver[Accessory_fd]: Need reset every time when timeout!!!
[  133.612618] android_usb_accessory gadget: acc_function_disable
[  133.612713] android_usb_accessory gadget: _acc_poll POLLHUP!
[E]2025-08-15 23:09:31.807 159-76f9a000/ARMadb-driver[RiddleDataExchangeUtils]: ClosedByPeer 4! 7
[D]2025-08-15 23:09:31.807 159-76f9a000/ARMadb-driver[Accessory_fd]: Accessory OnClosedByPeer
[  133.635493] android_usb: already disabled
[D]2025-08-15 23:09:31.830 159-76f9a000/ARMadb-driver[Accessory_fd]: Reset Accessory!!
[E]2025-08-15 23:09:31.832 159-76f9a000/ARMadb-driver[RiddleDataExchangeUtils]: ClosedByPeer 4! 12
[W]2025-08-15 23:09:31.833 159-76f9a000/ARMadb-driver[RiddleDataExchangeUtils]: ReadOne fail!!! err=9 cmd=Unkown RiddleHUDComand?(0) size=0 pid=1507 _fd=-1
[W]2025-08-15 23:09:31.833 159-76f9a000/ARMadb-driver[MiddleManInterface]: ClosedByPeer 3! -1
looper.Loop Quit! A
[D]2025-08-15 23:09:31.850 159-76111450/ARMadb-driver[Accessory_fd]: write_AV_Thread_   Quit Suc
[D]2025-08-15 23:09:31.868 159-76f9a000/ARMadb-driver[main]: AutoPlay Exited!!!
[  133.686616] android_usb: already disabled
[D]2025-08-15 23:09:31.882 159-76f9a000/ARMadb-driver[main]: HU Link Exit, restart
[D]2025-08-15 23:09:31.889 159-76f9a000/ARMadb-driver[Accessory_fd]: OniPhoneWorkModeChanged: 0 0
[D]2025-08-15 23:09:31.889 159-76f9a000/ARMadb-driver[Accessory_fd]: OnAndroidWorkModeChanged: 0 0
08-15 11:09:32.106902 PM [RiddleBluetoothService_Interface_Control] OnDbusSignal org.riddle.BluetoothControl:CancelAutoConnect
08-15 11:09:32.107094 PM [RiddleBluetoothService_Interface_Control] RiddleBluetoothService_Interface_Control::OnDbusMessage CancelAutoConnect
08-15 11:09:32.108249 PM [RiddleBluetoothService_Interface_Control] OnDbusSignal org.riddle.BluetoothControl:DisconnectRemoteDevice
08-15 11:09:32.108431 PM [RiddleBluetoothService_Interface_Control] RiddleBluetoothService_Interface_Control::OnDbusMessage DisconnectRemoteDevice
[E]2025-08-15 23:09:32.109 159-76f9a000/ARMadb-driver[Accessory_fd]: DisconnectPhoneConnection
[E]2025-08-15 23:09:32.109 159-76f9a000/ARMadb-driver[Accessory_fd]: No phone conneted, not need reset!!!
looper.Loop Quit! B
[E]2025-08-15 23:09:32.109 159-76f9a000/ARMadb-driver[RiddleDataExchangeUtils]: ClosedByPeer 4! 12
[W]2025-08-15 23:09:32.109 159-76f9a000/ARMadb-driver[RiddleDataExchangeUtils]: ReadOne fail!!! err=9 cmd=Unkown RiddleHUDComand?(0) size=0 pid=1507 _fd=-1
[W]2025-08-15 23:09:32.109 159-76f9a000/ARMadb-driver[MiddleManInterface]: ClosedByPeer 3! -1
looper.Loop Quit! C
[E]2025-08-15 23:09:32.110 159-76f9a000/ARMadb-driver[RiddleDataExchangeUtils]: ClosedByPeer 4! 12
[W]2025-08-15 23:09:32.110 159-76f9a000/ARMadb-driver[RiddleDataExchangeUtils]: ReadOne fail!!! err=9 cmd=Unkown RiddleHUDComand?(0) size=0 pid=1507 _fd=-1
[W]2025-08-15 23:09:32.110 159-76f9a000/ARMadb-driver[MiddleManInterface]: ClosedByPeer 3! -1
[D]2025-08-15 23:09:32.385 159-76f9a000/ARMadb-driver[main]: MiddleMan Proceess Exit, restart
[D]2025-08-15 23:09:32.388 159-76f9a000/ARMadb-driver[main]: Wait usb_monitor_pid Exit, restart
[D]2025-08-15 23:09:32.389 159-76f9a000/ARMadb-driver[main]: Not Check I2C!
[D]2025-08-15 23:09:32.390 159-76f9a000/ARMadb-driver[RiddlePlatform]: CheckBoxManuDateSign: 74908f594a6536c228495f481026af0a 74908f594a6536c228495f481026af0a
[D]2025-08-15 23:09:32.392 159-76f9a000/ARMadb-driver[main]: _hu_link_main start
cp: can't stat '/usr/lib/libBoxUI.so': No such file or directory
[D]2025-08-15 23:09:32.443 159-76111450/ARMadb-driver[Accessory_fd]: write_AV_Thread_   Start Suc
[D]2025-08-15 23:09:32.453 159-76f9a000/ARMadb-driver[RiddleDataExchangeUtils]: _create_unix_socket /var/run/adb-driver SUC
[D]2025-08-15 23:09:32.453 159-76f9a000/ARMadb-driver[BluetoothDaemonControler_fd]: BluetoothDaemonControler_fd::EnsureBluetoothUp
EnsureBluetoothUp
08-15 11:09:32.466771 PM [RiddleBluetoothService_Interface_Control] OnDbusSignal org.riddle.BluetoothControl:TestAlive
[D]2025-08-15 23:09:32.467 159-76f9a000/ARMadb-driver[Accessory_fd]: OnBluetoothDaemonOn
08-15 11:09:32.468410 PM [RiddleBluetoothService_Interface_Control] OnDbusSignal org.riddle.BluetoothControl:ListRemoteDevices
08-15 11:09:32.468644 PM [RiddleBluetoothService_Interface_Control] RiddleBluetoothService_Interface_Control::OnDbusMessage ListRemoteDevices
08-15 11:09:32.471641 PM [RiddleBluetoothService_Interface_Control] $$$ 0 bluetoothAddr=F0:04:E1:81:0E:06 devName = Matt
08-15 11:09:32.474950 PM [RiddleBluetoothService_Interface_Control] $$$ 0 bluetoothAddr=14:1B:A0:1E:DE:28 devName = lePhone
[D]2025-08-15 23:09:32.479 159-76f9a000/ARMadb-driver[BluetoothDaemonControler_fd]: DeviceList(2): 
14:1B:A0:1E:DE:28lePhone
F0:04:E1:81:0E:06Matt

[D]2025-08-15 23:09:32.479 159-76f9a000/ARMadb-driver[Accessory_fd]: _SendPhoneCommandToCar: SupportAutoConnect(1001)
08-15 11:09:32.483021 PM [RiddleBluetoothService_Interface_Control] OnDbusSignal org.riddle.BluetoothControl:Listen
08-15 11:09:32.483208 PM [RiddleBluetoothService_Interface_Control] RiddleBluetoothService_Interface_Control::OnDbusMessage Listen
08-15 11:09:32.483374 PM [RiddleBluetoothService_Interface_Control] StartListen_Inner beListened_ = 1
	name "AutoBox";
[D]2025-08-15 23:09:32.492 159-76911450/ARMadb-driver[RiddlePlatform]: Box bluetooth name: AutoBox is same as old, do nothing
ssid=AutoBox-76d4
[D]2025-08-15 23:09:32.523 159-76911450/ARMadb-driver[RiddlePlatform]: Box WiFi name: AutoBox-76d4 is same as old, do nothing
[D]2025-08-15 23:09:32.524 159-76911450/ARMadb-driver[Accessory_fd]: start wifi!!!
[W]2025-08-15 23:09:32.597 159-76f9a000/ARMadb-driver[RiddleDataExchangeUtils]: 		 $$$ 清除发送缓冲，因为fd已经不可用
[W]2025-08-15 23:09:32.597 159-76f9a000/ARMadb-driver[RiddleDataExchangeUtils]: 		 $$$ 清除发送缓冲，因为fd已经不可用
[W]2025-08-15 23:09:32.597 159-76f9a000/ARMadb-driver[RiddleDataExchangeUtils]: 		 $$$ 清除发送缓冲，因为fd已经不可用
[D]2025-08-15 23:09:32.612 159-76f9a000/ARMadb-driver[MiddleManInterface]: pid:1646 Control-InternalUse(30) connected, fd=6
[E]2025-08-15 23:09:32.613 159-76f9a000/ARMadb-driver[Accessory_fd]: Not Opened!!
[W]2025-08-15 23:09:32.613 159-76f9a000/ARMadb-driver[RiddleDataExchangeUtils]: 		 $$$ 清除发送缓冲，因为fd已经不可用
config wifi channel: 36, freq: 5180
5G wifi
channel=36
wpa_passphrase=12345678
hostapd runing.....
Set WLAN0 IP: 192.168.43 
Same IP, no need to reset
[  134.704371] android_usb: already disabled
udhcpd runing.....
[D]2025-08-15 23:09:33.444 159-75911450/ARMadb-driver[Accessory_fd]: _SendPhoneCommandToCar: DeviceWifiNotConnected(1010)
[W]2025-08-15 23:09:33.615 159-76f9a000/ARMadb-driver[RiddleDataExchangeUtils]: 		 $$$ 清除发送缓冲，因为fd已经不可用
[E]2025-08-15 23:09:34.444 159-75111450/ARMadb-driver[Accessory_fd]: Still not connect to AppServer!
storage_common 4659 1 g_android_accessory, Live 0x7f236000
g_android_accessory 71311 1 - Live 0x7f23c000
storage_common 4659 1 g_android_accessory, Live 0x7f236000
[  136.739339] android_enable_function: accessory
[  136.772723] [otg_statemachine]  OTG_STATE_B_PERIPHERAL:, 0 0 1
[  136.772746] [otg_statemachine]  quit statemachine, changed = 0
[  136.879571] android_work: sent uevent USB_STATE=DISCONNECTED
[  136.942543] acc_ctrlrequest 80.06 v0100 i0000 l64
[  136.942571] android_usb_accessory gadget: unknown class-specific control req 80.06 v0100 i0000 l64
[  136.943210] android_work: sent uevent USB_STATE=CONNECTED
[  136.952520] android_work: sent uevent USB_STATE=DISCONNECTED
[  137.019267] acc_ctrlrequest 80.06 v0100 i0000 l18
[  137.019297] android_usb_accessory gadget: unknown class-specific control req 80.06 v0100 i0000 l18
[  137.019430] acc_ctrlrequest 80.06 v0f00 i0000 l5
[  137.019447] android_usb_accessory gadget: unknown class-specific control req 80.06 v0f00 i0000 l5
[  137.019460] android_usb_accessory gadget: USB_DT_BOS response value: 5
[  137.019571] acc_ctrlrequest 80.06 v0f00 i0000 l22
[  137.019588] android_usb_accessory gadget: unknown class-specific control req 80.06 v0f00 i0000 l22
[  137.019602] android_usb_accessory gadget: USB_DT_BOS response value: 22
[  137.019721] acc_ctrlrequest 80.06 v0200 i0000 l9
[  137.019736] android_usb_accessory gadget: unknown class-specific control req 80.06 v0200 i0000 l9
[  137.019863] acc_ctrlrequest 80.06 v0200 i0000 l32
[  137.019881] android_usb_accessory gadget: unknown class-specific control req 80.06 v0200 i0000 l32
[  137.020006] acc_ctrlrequest 80.06 v0300 i0000 l255
[  137.020022] android_usb_accessory gadget: unknown class-specific control req 80.06 v0300 i0000 l255
[  137.020148] acc_ctrlrequest 80.06 v0304 i0409 l255
[  137.020164] android_usb_accessory gadget: unknown class-specific control req 80.06 v0304 i0409 l255
[  137.020297] acc_ctrlrequest 80.06 v0303 i0409 l255
[  137.020315] android_usb_accessory gadget: unknown class-specific control req 80.06 v0303 i0409 l255
[  137.020537] android_work: sent uevent USB_STATE=CONNECTED
[  137.020822] acc_ctrlrequest 80.06 v0305 i0409 l255
[  137.020844] android_usb_accessory gadget: unknown class-specific control req 80.06 v0305 i0409 l255
[  137.026537] acc_ctrlrequest 00.09 v0001 i0000 l0
[  137.026567] android_usb_accessory gadget: unknown class-specific control req 00.09 v0001 i0000 l0
[  137.026585] android_usb_accessory gadget: high-speed config #1: android_accessory
[  137.026771] acc_ctrlrequest 80.06 v0306 i0409 l255
[  137.026790] android_usb_accessory gadget: unknown class-specific control req 80.06 v0306 i0409 l255
[  137.026984] acc_ctrlrequest 80.06 v0307 i0409 l255
[  137.027004] android_usb_accessory gadget: unknown class-specific control req 80.06 v0307 i0409 l255
[  137.030371] android_work: sent uevent USB_STATE=CONFIGURED
[  137.030789] acc_ctrlrequest 80.06 v0300 i0000 l254
[  137.030812] android_usb_accessory gadget: unknown class-specific control req 80.06 v0300 i0000 l254
[  137.031014] acc_ctrlrequest 80.06 v0303 i0409 l255
[  137.031034] android_usb_accessory gadget: unknown class-specific control req 80.06 v0303 i0409 l255
[  137.031299] acc_ctrlrequest 80.06 v0300 i0000 l254
[  137.031317] android_usb_accessory gadget: unknown class-specific control req 80.06 v0300 i0000 l254
[  137.031478] acc_ctrlrequest 80.06 v0304 i0409 l255
[  137.031498] android_usb_accessory gadget: unknown class-specific control req 80.06 v0304 i0409 l255
[  137.031744] acc_ctrlrequest 80.06 v0300 i0000 l254
[  137.031763] android_usb_accessory gadget: unknown class-specific control req 80.06 v0300 i0000 l254
[  137.032097] acc_ctrlrequest 80.06 v0305 i0409 l255
[  137.032121] android_usb_accessory gadget: unknown class-specific control req 80.06 v0305 i0409 l255
[  137.032833] acc_ctrlrequest 80.06 v0300 i0000 l254
[  137.032857] android_usb_accessory gadget: unknown class-specific control req 80.06 v0300 i0000 l254
[  137.033027] acc_ctrlrequest 80.06 v0303 i0409 l255
[  137.033048] android_usb_accessory gadget: unknown class-specific control req 80.06 v0303 i0409 l255
[  137.033254] acc_ctrlrequest 80.06 v0300 i0000 l254
[  137.033275] android_usb_accessory gadget: unknown class-specific control req 80.06 v0300 i0000 l254
[  137.033487] acc_ctrlrequest 80.06 v0304 i0409 l255
[  137.033508] android_usb_accessory gadget: unknown class-specific control req 80.06 v0304 i0409 l255
[  137.033850] acc_ctrlrequest 80.06 v0300 i0000 l254
[  137.033870] android_usb_accessory gadget: unknown class-specific control req 80.06 v0300 i0000 l254
[  137.034054] acc_ctrlrequest 80.06 v0305 i0409 l255
[  137.034073] android_usb_accessory gadget: unknown class-specific control req 80.06 v0305 i0409 l255
[  137.034515] acc_ctrlrequest 80.06 v0300 i0000 l254
[  137.034539] android_usb_accessory gadget: unknown class-specific control req 80.06 v0300 i0000 l254
[  137.034687] acc_ctrlrequest 80.06 v0306 i0409 l255
[  137.034706] android_usb_accessory gadget: unknown class-specific control req 80.06 v0306 i0409 l255
[  137.034904] acc_ctrlrequest 80.06 v0300 i0000 l254
[  137.034922] android_usb_accessory gadget: unknown class-specific control req 80.06 v0300 i0000 l254
[  137.035069] acc_ctrlrequest 80.06 v0307 i0409 l255
[  137.035088] android_usb_accessory gadget: unknown class-specific control req 80.06 v0307 i0409 l255
[  137.054815] acc_ctrlrequest 80.06 v0300 i0000 l254
[  137.054844] android_usb_accessory gadget: unknown class-specific control req 80.06 v0300 i0000 l254
[  137.055071] acc_ctrlrequest 80.06 v0305 i0409 l255
[  137.055090] android_usb_accessory gadget: unknown class-specific control req 80.06 v0305 i0409 l255
[  137.055606] acc_ctrlrequest c0.33 v0000 i0000 l2
[  137.055623] android_usb_accessory gadget: unknown class-specific control req c0.33 v0000 i0000 l2
[  137.055638] acc_ctrlrequest c0.33 v0000 i0000 l2
[  137.055653] android_usb_accessory gadget: unknown class-specific control req c0.33 v0000 i0000 l2
[  137.057983] acc_ctrlrequest 80.06 v0300 i0000 l254
[  137.058003] android_usb_accessory gadget: unknown class-specific control req 80.06 v0300 i0000 l254
[  137.058551] acc_ctrlrequest 80.06 v0305 i0409 l255
[  137.058569] android_usb_accessory gadget: unknown class-specific control req 80.06 v0305 i0409 l255
[  137.058891] acc_ctrlrequest c0.33 v0000 i0000 l2
[  137.058907] android_usb_accessory gadget: unknown class-specific control req c0.33 v0000 i0000 l2
[  137.058920] acc_ctrlrequest c0.33 v0000 i0000 l2
[  137.058935] android_usb_accessory gadget: unknown class-specific control req c0.33 v0000 i0000 l2
[D]2025-08-15 23:09:35.618 159-76f9a000/ARMadb-driver[Accessory_fd]: fd_usb_accessory_wraper fd = 7
check_log_size: 384933 byte
[D]2025-08-15 23:09:42.662 1741-0/server.cgi[server]: recv cmd :reset  ts :1755270584606  sign :cf4b13e4e0acb3aeaaa78382e92a8f64